1,167,77:96|49:52|95:110|88:88|7:24|68:76|57:61|84:88|89:104|82:90|65:73|61:78|71:81|73:86|79:83|37:51|34:47|21:25|4:78
1,112,112:116|64:67|1:1|99:111|19:34|12:17|85:92|73:77|89:99|11:17|53:72|18:24|5:12|98:99|80:89
1,41,88:105|41:51|41:57|68:76|19:38|75:87|55:69
1,23,24:28|19:24|46:54|16:20|11:11|25:43|58:66|14:24|78:94|21:40|20:21|51:58|94:104|30:38|31:45|55:64|24:40|38:44|9:9|60:62|23:27
1,38,39:52|83:83|64:81|32:50|38:41|79:84|70:88|6:15|92:108|41:44|5:10|60:60|60:64|21:40|38:41|59:68|17:28|25:29
1,134,64:66|63:80|35:39|44:54|39:45|0:0|84:102|134:137|51:62|134:147|73:79
1,127,21:22|18:32|59:61|0:14|84:96|50:54|72:74|31:42|49:49|54:73|11:22|127:143|7:14|73:78|12:25
1,68,38:38|16:29|66:76|55:61|81:90|35:40|82:94|96:115|30:38|29:43|36:54|68:77|68:73|43:60|34:45|2:17|86:102|96:109|88:104|19:38|51:53
1,72,72:87|18:36|1:20|56:70|11:11|59:65|21:22|41:58|14:15
1,112,71:79|99:105|91:102|50:60|87:99|80:82|4:8|27:40|64:68|54:54|33:46|87:106|31:47|26:37|98:106|12:30|12:15|112:118|11:21
1,123,73:80|70:86|38:40|91:95|60:60|6:22|37:42|43:52|123:142|42:61|4:22|72:74|81:90|89:103|79:89|9:28|42:54|72:84|44:63|123:126|76:83|69:81
1,8,15:27|22:28|5:20|5:20|61:80|39:41|89:89|99:102|80:92|8:11|29:41|33:39|74:78|14:33|0:3
1,190,20:24|56:60|11:21|8:25|99:117|62:64|95:100|190:198|7:10|94:107|190:197
1,29,62:75|58:71|29:44|20:28|67:78|26:41|82:87|70:72|29:41
1,158,158:165|50:69|24:29|69:82|51:67|39:54|65:66|39:41|38:38|45:63|90:96|10:24|21:26|81:82|97:111|36:39|48:59|48:48
1,186,80:99|63:72|56:65|68:76|91:107|32:42|37:54|28:45|25:44|22:24|65:68|92:92|88:96|99:103
1,71,44:56|73:79|90:93|66:83|53:53|59:60|71:79|47:59|35:44|17:31|71:71|9:17|89:93|96:97|42:53|23:34|20:30|54:61|78:90|6:25|78:86|44:52
1,180,180:192|23:32|59:66|48:61|73:74|21:27|25:28|18:21|80:84|50:64|18:35
1,31,26:32|10:16|57:71|99:111|68:79|64:76|87:97|31:43|31:33|68:82|4:11|90:96|11:19|39:58|62:81|20:20|95:113
1,123,71:78|63:78|48:56|43:52|78:88|38:48|27:38|17:20|61:69|89:98|28:41|57:73|53:61|47:49
1,90,55:73|28:41|96:97|87:99|81:90|8:22|90:99|58:58|70:77|20:30|90:105|88:92
1,25,22:29|30:46|31:46|58:71|5:16|44:63|57:66|33:41|56:73|67:70|51:62|60:75|40:40|25:36|15:29|65:83
1,103,69:77|37:42|2:20|87:106|53:65|97:116|88:97|28:42|15:19|52:62|24:40|37:51|1:6|95:111|39:46|30:38|98:110
1,118,80:94|44:56|16:18|70:73|32:51|95:95|47:49|45:57|73:86|69:84|73:90
1,60,71:83|24:27|21:37|73:92|31:50|70:72|60:64|44:53|60:72|18:24|0:18|14:20|43:60|50:59|60:72|60:73
1,86,78:83|92:107|91:94|88:88|19:31|81:88|5:13|21:24|84:101|7:20|34:48
1,13,20:36|79:93|5:18|73:74|50:52|56:58|72:78|55:63|21:32|41:53|92:93|75:81|21:39|36:39|23:32|35:39|29:33|64:64|79:91|13:26
1,186,51:54|36:42|186:199|9:23|2:18|85:93|11:24|57:71|48:51|69:73|87:100|94:105|28:31|35:48|78:80|82:93|186:189|71:79|55:67|76:77
1,48,89:103|36:50|94:95|94:113|87:95|15:21|18:35|48:55|91:94|85:90|53:62|32:50|82:96|66:78|48:58|90:96|45:49|28:32|56:57
1,8,78:94|56:73|65:84|36:53|58:77|21:30|99:100|35:49|55:71|32:48|43:45|88:95|91:103|15:29|28:40|50:64
1,169,67:86|1:1|169:172|72:85|76:92|96:109|95:105|169:187|34:43
1,91,34:40|62:64|91:106|48:62|65:84|86:99|74:78|91:104|44:48|37:45|2:9|43:45
1,98,59:60|62:73|71:81|49:64|73:74|98:100|36:50|46:55|86:103|21:22|58:61|94:98|80:90|99:99|29:33|3:17
1,154,42:52|25:42|18:27|10:15|20:30|69:81|40:54|45:54
1,72,74:90|42:53|62:78|96:110|63:80|83:85|72:83|27:46|0:19|85:91|72:82|62:65|77:90|41:50|0:6|36:37|61:71|20:20
1,2,73:89|81:96|19:24|24:29|2:7|32:37|53:57|74:74
1,28,25:44|28:46|36:43|55:56|42:55|28:31|71:75|53:65|87:91|23:27
0,163,40:45|72:90|55:58|51:68|28:31|34:45|163:177|74:89|47:59|8:19|79:79|82:93|4:22|163:170|93:98
1,50,23:32|4:5|49:57|27:32|2:15|50:67|78:83|74:77|74:87
1,124,93:94|58:59|14:15|0:3|86:104|70:79|80:88|44:57|41:59|93:97|124:139|65:66|10:23|17:28
1,145,145:160|17:34|145:147|53:67|71:79|1:14|96:115|11:23|76:90|59:74|45:49|17:28|8:8|84:88
1,28,66:83|29:29|84:98|75:84|10:17|59:59|81:92|90:95|28:42|0:19|60:65|15:18|37:47|61:76|8:15|4:10|76:78
1,181,24:29|24:33|3:5|75:90|61:67|64:71|9:21|66:83|86:88|181:188|62:69|22:22|45:60|56:75|94:95|70:70|31:42|181:197|41:60|44:49|49:57|57:62
1,100,48:52|36:47|51:56|89:96|74:88|49:50|99:116|49:64|97:101|40:59|50:52|57:65|59:62|7:18|83:99|84:93|86:100|84:89|28:43
1,145,69:82|80:96|88:101|70:85|72:79|80:95|11:26|10:16|21:26|30:46|145:148|46:48|33:49|75:77|13:13|84:101|8:20|92:110|87:103|81:85
1,24,24:35|80:89|8:8|24:32|17:20|15:15|29:33
1,7,59:61|64:71|79:93|41:54|82:93|63:79|39:43|67:71|7:9|39:58
1,72,52:69|7:26|72:78|92:95|98:101|14:23|75:79|35:51|92:103|21:33|28:37|10:29|21:25|15:34|32:33
1,148,83:89|38:50|12:18|74:84|29:43|44:59|91:93|53:56|18:24|77:86|80:87|148:166|42:50|61:77|12:29|148:159|99:107|91:99|98:114|50:62
1,160,1:3|84:103|31:44|72:87|160:161|34:53|1:14|68:84|65:73|20:33|86:96|47:49|55:65|49:65|56:58|35:52|97:100|28:39|82:90|21:25|5:17|160:176
1,22,73:81|19:20|87:100|16:31|14:28|49:68|27:33|22:34|40:54|85:85|2:14|69:82|26:33|29:29|39:49|22:31
1,86,86:90|86:93|83:96|22:23|96:106|6:11|32:46|19:21|93:94|43:60|10:11|59:60|53:70|3:12|27:29|14:21|17:20|20:29
1,77,76:79|70:83|10:17|32:44|32:40|55:56|84:84|97:115|68:74|77:79|77:82|73:88|1:1|75:89|70:88|37:49|62:81|87:89|77:96|59:68|47:55|26:45
1,191,57:67|70:70|75:79|191:191|77:92|88:106|63:78|13:24
1,119,5:17|17:32|119:135|57:67|26:36|72:83|42:43
1,87,14:30|81:96|9:24|68:73|87:98|67:86|52:57|77:89|87:101|87:88|3:22|27:30
1,1,43:47|98:113|1:16|79:92|40:53|29:33|1:4
1,78,11:18|78:78|6:20|64:65|7:19|31:49|88:89|23:32
1,16,6:15|42:58|56:57|13:14|97:112|57:65|25:30|47:55|80:99|16:17|68:81
1,147,70:74|31:39|38:57|76:95|14:33|11:14|17:34|79:96|39:56|99:101|97:104|147:164|0:11|68:87|5:12|23:39|41:57|13:15|56:75|88:100|44:56
1,49,66:85|45:59|11:23|13:26|34:45|76:86|49:54|96:97|47:56|74:91|64:71|49:50|86:95
1,119,29:48|39:53|9:20|37:55|34:34|86:102|89:94|7:22|23:40|31:40|119:129|119:125|46:47|1:2
1,150,73:88|87:97|79:98|73:92|34:39|10:28|64:71|38:45|43:56|35:37|42:53|33:39|66:66|54:59
1,159,95:98|13:31|20:34|15:30|75:76|3:7
1,197,32:46|80:93|92:97|94:103|61:69|25:44|64:64|68:71|51:53|197:203|60:72|37:42|36:54|40:46|24:41|197:213|72:87
1,54,57:65|83:83|54:70|54:69|8:15|92:92|9:28
1,146,99:114|35:52|146:160|74:92|57:73|68:75|91:107|1:8|82:82|57:69|75:78|47:66|69:83|2:10|96:107|0:7
1,34,58:74|34:48|35:39|15:34|9:16|84:92|11:23|34:40|35:46|77:80|14:27|97:115|31:33|16:35|79:90|59:78|25:33
1,124,18:29|80:90|124:138|12:28|82:82|98:109|82:99|97:97|88:104|124:142|53:61|76:78
1,97,33:36|27:27|15:29|75:80|18:22|39:51|21:36|75:92|85:102|82:87|97:107|93:107|35:49|58:60|94:112|16:21|20:28|32:41|97:113
1,58,78:87|75:84|58:62|72:91|80:83|94:111|82:84|72:86|89:97|72:89|67:80|42:57|90:91|69:81|83:85|55:66|35:53|2:13
1,84,62:66|91:96|16:29|84:93|41:42|97:113|33:40|51:66|49:65|99:105|25:25|51:64|55:56|40:59|18:34|10:13
1,148,73:76|148:152|87:93|59:76|69:73|83:85|54:60
1,134,96:98|66:82|84:103|2:5|24:34|51:66|32:45
0,84,66:83|84:96|64:66|84:95|84:88|33:49|21:36|19:26|88:101|0:15|51:58|27:39|53:57|43:50
1,90,79:98|0:12|62:70|61:63|20:32|76:82|42:48|6:12|66:80|21:36|18:26|79:93|4:21|10:17|90:96|22:30|31:49|86:96
1,37,22:24|61:71|94:110|95:95|69:87|71:74|46:55|1:14|5:21|52:69|88:89|37:43
1,165,1:15|77:79|14:26|49:55|90:102|13:19|47:54|93:107|35:41|15:29|22:25|165:175
1,51,74:88|71:72|94:101|82:93|7:25|9:22|15:34|77:79|26:32|97:105|53:65|72:75|55:56|7:8|51:64|75:93|1:15|66:77|21:32|28:44
1,2,97:97|93:104|93:102|6:22|88:95|97:98|42:53|80:92|52:68|96:103|14:24|7:15|61:80|46:53|13:24|25:41
1,53,29:39|10:15|80:81|40:49|30:41|47:64|94:102|19:27|72:89|86:86|73:80|72:78|62:78|5:22|45:57|99:115|48:64|18:36|78:78
1,184,184:203|31:32|12:14|184:188|65:80|52:55|11:24|85:90|64:76|30:43|23:41|35:44|24:35|67:82|22:33
1,141,73:73|58:60|51:66|89:99|23:26|82:92|91:93|62:70|47:49|73:84|89:108|42:47
1,179,18:36|6:24|97:115|21:22|89:98|96:101|8:15|179:184|61:61|22:41|27:38|179:192|77:88|2:16|21:36|28:31|50:55|69:83
1,200,7:10|89:108|85:87|96:98|83:83|83:89|62:71|95:107|85:92|4:10|56:64|62:73|7:20|82:92|99:116
0,77,68:70|77:80|11:16|97:104|48:67|77:93|57:72|3:19
1,44,44:59|39:54|73:74|71:73|44:52|72:79|49:56|64:67|44:62|64:64|9:17|25:32|34:38
1,29,59:68|60:60|92:101|29:43|76:87|88:88|0:8
1,94,94:107|50:62|19:25|69:88|98:110|62:70|42:42|46:62|51:66|26:42|50:60|98:105|45:60|42:53|94:106|67:71|30:31|39:41
1,66,48:56|21:31|57:61|66:83|37:42|34:38|16:30|21:40|61:63|50:55|49:53|91:100
1,41,0:1|60:78|71:88|51:67|44:46|24:35|41:50|92:110|52:66|41:42
0,180,77:78|3:14|42:55|69:78|2:5|0:6|87:96|4:11|57:59|48:57|4:14|42:59|98:108|89:106|94:102|95:101|14:32|95:107|77:96|95:103
1,76,49:61|60:79|88:89|35:46|76:93|15:32|68:75|62:81|20:35|65:78|61:72|75:81|11:23
1,192,69:70|4:19|64:77|13:30|91:99|192:198|89:106|75:76|30:37|88:94|66:81|43:59|3:11|41:59|23:30
1,192,12:17|99:114|92:94|192:206|60:68|192:210|76:93|61:64|91:105|37:49
1,188,60:71|94:95|44:61|38:52|8:27|91:91|76:81|57:68|79:88|16:28|94:103|15:15|33:50|26:37
1,28,84:99|49:64|85:88|28:46|28:38|0:8|36:47|34:47|95:109|95:102|51:60|7:16|64:68|56:60|93:112|65:81|23:29|85:91|6:17|46:58
1,131,2:21|1:18|78:93|95:95|131:145|94:112|26:33|42:55|99:117|95:113|81:92|71:83|42:56
1,78,47:55|16:31|8:11|68:71|58:67|11:13|29:38|86:88|63:80|75:93|18:30|48:48
1,74,74:88|29:47|36:36|85:85|12:23|57:70
1,197,61:79|20:28|2:2|53:56|35:54|24:25|66:80|98:108|80:91|25:35|82:94|1:4|197:214|81:94|40:53|34:42|70:77|10:28
1,69,27:41|82:99|82:97|10:14|90:90|43:46|24:36|69:77|80:99|22:22|95:107|7:11|69:72|51:64|73:77
1,180,56:59|87:96|57:66|68:74|5:23|180:184|180:197|44:53|67:68|9:24|54:72|13:24|46:47|46:47|78:87
1,108,51:65|81:92|80:82|33:46|91:96|22:26|43:47|0:10|49:49|84:89|91:105|97:103|77:94|62:76|48:49|38:49|68:76|33:38|4:16|47:64
1,179,44:60|48:67|73:83|54:56|14:33|52:70|78:79|38:45|179:182|179:184
1,199,54:55|44:61|199:212|10:16|13:19|68:82|67:83|86:88
1,119,75:84|119:122|119:119|89:94|18:34|12:20|6:10|97:102|53:53|28:40|41:54
1,30,52:66|67:78|22:26|30:44|34:50|9:22|63:81|30:49|92:97|7:20|15:21
1,2,41:49|52:52|71:77|2:18|69:81|30:40|76:83|24:43|84:99|19:37|50:61|48:53
1,33,9:28|44:47|3:6|32:41|72:72|60:77|49:50|77:96|55:62|3:7|33:36|55:69|29:29|83:92|33:42
1,49,49:55|87:96|63:76|30:37|26:29|25:43|86:104|92:103|3:17|25:42|58:63|49:60|70:73|87:89|93:102|81:100
1,51,62:75|81:100|76:85|25:39|23:38|87:92|61:67|84:101|6:25|55:65|34:46|23:26|30:33|65:73|59:62|51:55|82:87|2:4|77:84|81:97|51:58|95:105
1,132,68:68|81:81|132:135|69:77|25:39|12:19|86:98|35:54|79:83|55:69|99:102|1:12|61:79|32:44|63:78|96:103
1,170,52:68|75:77|74:89|7:26|84:94
1,172,12:23|172:188|51:54|51:61|88:90|3:21|97:112|5:19|87:102|32:39|172:189
1,155,55:55|50:56|32:39|19:32|71:72|73:92|155:167|98:110|155:162|15:20|70:81
1,61,55:72|42:61|37:56|33:51|83:86|98:108|61:74|57:63|13:23|10:13|99:102|63:74|72:80|4:17|25:30|58:73|67:84
1,168,76:76|168:180|168:172|57:74|11:18|95:113|78:84|0:6|93:98|4:7|18:18
1,84,0:18|81:93|23:37|51:59|15:19|2:21|91:105|94:102|86:101|13:27|71:72|61:71|74:75|98:106|92:102|26:32
0,26,10:29|28:37|77:81|49:63|26:26|64:73|35:48|16:20|59:61|26:45|70:78|75:80|94:106|72:81
1,104,11:13|44:57|104:108|56:74|91:99|86:95|82:97|92:92|19:24|94:113|54:56
1,98,75:91|78:96|33:34|58:59|97:116|44:57|26:39|57:75|45:58|40:45|8:10|38:51|71:83|98:106|41:60|74:82|76:87|47:51|64:67|2:18
1,6,28:36|79:94|36:53|3:14|55:71|22:39|30:32|56:64|39:50|59:77|31:36|78:97|55:56|6:16|81:89|7:19|78:86|6:15|17:36|79:79|6:23|84:92
1,126,67:78|90:106|23:33|83:93|33:33|56:62|22:39|40:55|30:32|8:27
1,92,21:38|73:84|19:23|15:17|67:82|66:73|44:56|16:28|8:24|82:91|97:106|11:16|13:14|97:106|83:92|1:20|74:78|72:90|55:71|36:42
1,120,9:24|77:93|74:90|49:53|68:74|49:68|98:101|67:85|8:21|14:29|47:55|38:43
1,53,38:50|41:51|3:8|42:61|53:69|56:70|86:95|78:82
1,122,94:101|5:17|96:107|47:60|32:42|53:65|3:18|2:15|92:93|74:91|67:83|47:54|66:81|14:31|55:56|48:49|38:51|79:90|122:125
1,197,62:76|56:61|25:30|197:206|7:23|61:73
1,106,62:68|83:93|12:23|6:17|50:52|67:75|68:70|35:35|27:27
1,174,46:53|33:47|174:183|23:35|42:46|174:191|12:18|18:31|40:53
1,21,6:15|83:94|81:93|25:34|52:70|17:30|27:43|80:82|88:93|34:43|48:66|76:85|45:53|56:66|80:81|15:29|21:24|81:93
1,187,34:53|68:79|187:197|16:27|36:40|37:44|54:71|5:16|85:85|15:27|187:195|75:91|30:49|53:55|29:43|97:101|93:102|33:47|6:22|90:104
1,33,66:69|46:50|33:37|24:26|55:55|39:47
1,179,75:82|0:14|93:95|50:53|27:33|32:46|98:103|179:198
1,16,10:14|95:97|84:99|16:33|13:16|49:56|5:12|95:112|93:94|41:44|22:28|96:103|48:56|16:34|74:89|76:78|64:70|34:34|96:112
1,147,0:16|10:13|34:49|40:42|147:158|17:30|43:45|70:84|92:100
1,159,11:28|79:82|159:175|16:30|91:103|22:34|31:31|8:25|16:18|76:86|0:14|63:76|29:43|51:52|75:81|73:91|35:46
1,51,30:43|49:66|1:13|51:53|41:52|4:18|63:79|49:56|62:75|72:87|15:19|34:39|55:68|58:60|49:62
1,3,93:108|3:4|3:15|53:70|32:48|59:72|54:70|84:95|88:102|5:16|14:30|22:33|65:75|51:54|7:18|39:49|85:96|70:70
1,31,35:45|54:58|13:31|16:19|31:32|4:19|31:43|89:90
1,192,93:112|12:22|95:104|92:104|4:19|60:77|66:78|71:72|192:198|78:97|58:69
1,148,31:32|57:70|88:107|35:38|72:77|148:152|45:61|148:156|71:80|6:24|51:65|37:38|86:91|40:44
1,187,46:60|87:102|55:61|187:193|187:198|9:9|75:93|56:65|50:55|66:69
1,36,99:117|42:56|33:36|89:106|13:28|36:39|28:28|75:91|94:95|60:72|70:83|43:61|40:56|83:96|50:60|43:51|50:55|9:9|93:101
1,18,32:41|49:54|88:93|49:66|56:73|78:87|32:41|63:77|86:94|66:66|37:54|60:70|90:106|82:93|33:41|72:72
1,145,32:40|50:61|95:97|42:46|29:42|79:97|22:36|46:57|145:154|48:54|74:90|44:58|73:87|72:77|24:25|81:88|58:66|6:16|59:72|29:47
1,99,35:54|99:114|50:64|7:13|59:60|70:70|70:85|4:9|2:17|89:106|54:62|1:12
1,61,69:79|67:76|93:108|48:56|85:102|47:51|37:46|22:29|69:80
1,42,59:60|50:65|50:62|10:25|7:8|8:11|48:64|98:107|94:101|42:60
1,168,1:18|15:27|91:91|26:43|87:104|20:21|45:57|168:184|25:32|88:105|25:33
1,154,3:14|10:10|68:74|16:21|84:93|32:49|41:57|12:20|154:162|66:74|84:89|154:157|6:11|63:73|43:56|43:43|43:62|45:51|72:74|84:90|8:11|74:74
1,0,23:29|59:77|14:15|0:5|8:11|99:99|91:94|6:15|66:85|0:4
1,156,97:115|47:56|88:104|156:168|156:168|75:90|73:79|6:14
1,96,50:53|80:94|15:18|32:43|18:34|54:61|54:67|96:96|37:42|80:99|81:81|15:19|53:63|96:104|8:12|31:48|28:46
1,46,62:63|40:52|64:74|3:20|9:13|68:84|58:71|67:83|40:43|46:52|86:88|94:110|99:107|4:17|19:38|97:98|63:71|46:48|64:72|51:64
1,122,12:17|122:138|62:75|15:15|24:43|92:96|45:59|86:92|43:46|122:130|14:30|55:64|23:39|17:17|96:106|75:94
1,75,70:81|33:38|70:73|75:89|75:87|77:84|77:90|91:96|2:12|1:13|60:76|59:77|31:44|44:62|46:46|76:77|21:34|84:89
1,40,69:79|40:43|47:47|40:44|25:38|71:73|53:61|73:76
1,153,24:34|27:38|77:78|31:36|42:52|153:163|24:40|153:164|95:111|67:69|23:35|54:67|49:58|72:84|42:47
1,186,61:65|59:68|76:86|34:45|21:33|53:53|45:58|13:25|26:45|28:28|50:66|36:55
1,160,46:51|11:14|89:95|160:161|32:34|50:59|72:81|8:8|44:61|160:164|67:80|9:20
1,63,54:55|63:75|63:63|41:52|70:77|4:4|32:49|57:66|28:29|58:71|15:20|75:83|91:92|46:46|97:113|50:55|79:97|17:23|44:57|29:36|84:95|64:79
1,145,47:58|42:54|98:106|2:10|145:148|62:74|48:67|93:103|69:86|50:65|79:87|72:84|94:104|89:101
1,75,79:96|79:91|4:4|56:62|18:21|18:32|7:14|87:104|75:83|84:96|0:4|40:45|26:29|75:94|65:73
1,146,77:90|10:13|26:40|88:103|146:160|69:77|88:105|23:41|146:154
1,92,34:39|92:102|54:62|92:97|49:66|90:93|45:46|21:34|93:112|32:50|69:72|0:6|33:37|40:42|50:62|19:37
1,28,82:91|67:72|97:115|44:51|31:42|72:75|28:30|54:61|93:108|28:33|31:36|8:14|58:66|98:108|88:100|62:68|86:93|72:79|58:68
1,157,88:102|94:113|97:111|40:50|1:7|71:78|3:12|157:169|77:86
1,119,71:80|50:50|37:50|21:40|72:78|19:31|70:78|68:77|17:29|119:133|79:88|99:100|90:95|61:73|64:72
1,181,95:98|54:56|31:47|11:19|86:99|84:102|181:187|46:58|181:185|4:23|67:72|54:57|60:76|15:23|64:74
1,99,73:86|17:24|75:80|88:99|99:104|2:8|55:70|40:55|40:42|96:107|75:92
1,145,83:102|52:68|51:53|70:86|95:103|15:22|57:59|86:94|84:95|145:156|43:51|91:106|54:62|8:17|0:2|145:153|53:66|2:17|18:36
1,70,70:86|88:89|56:66|86:89|70:82|79:97|87:98|35:48|48:51
1,141,59:60|7:19|4:19|73:83|17:33|95:104|91:93|92:101|80:97|52:52|65:71|141:147|38:43|51:57|77:89|5:12|75:91|141:145|86:88|52:52|44:45|9:11
1,97,72:76|60:60|45:52|76:95|43:44|78:88|51:57|90:103|68:81|10:22|23:26|39:55|47:57|71:76|41:43|21:27|97:104|28:30|48:50|15:31
1,151,29:36|57:64|74:85|30:42|40:53|89:93|35:49|62:65|27:36|6:20|66:76|49:53|28:30|151:152|29:31|36:49|29:33|63:79|79:97
1,82,69:84|68:84|30:38|82:87|7:20|30:44|6:18
1,187,74:86|60:65|1:10|187:187|187:193|52:55|13:19|2:2
1,57,89:89|85:85|13:18|40:43|57:63|41:53|64:74|61:62|57:64|94:98|46:55|57:74|31:36|21:36|58:76|26:29|94:102|77:95|57:65
1,32,58:76|32:40|70:86|80:95|78:87|65:65|27:29|74:89|19:19|32:41|93:96|91:99|4:16|80:98|38:51
1,149,69:71|42:52|65:68|48:55|64:76|29:40|59:75|149:149|93:101
1,54,95:106|54:70|48:61|21:26|26:40|54:60|74:86|30:36|67:73|10:11|52:71|75:91|28:41|74:89|71:88|0:17|34:40|23:34|10:22|7:10|81:89
1,146,5:10|71:84|96:98|69:85|5:11|13:27|31:43|68:86|48:53|47:48|10:16|11:22|69:69|22:24|79:88|86:92
1,14,91:101|6:12|87:88|56:64|13:27|14:19|91:102|58:72|2:8|16:24|4:15|15:24|50:52|14:30|45:55|21:32|9:13
0,159,16:24|49:61|70:79|17:36|26:40|77:95
0,34,34:43|29:41|99:113|38:52|67:74|18:21|63:69|81:96|35:42|67:73|10:11|63:75|46:49|15:23
1,11,77:77|11:20|78:95|83:83|42:57|54:66|74:89|76:88|79:87|72:80|11:26|65:67|11:24
1,139,15:23|41:56|61:77|50:63|93:100|139:158|90:96|20:31|99:115|99:115|15:33|54:72|16:24|31:46|97:100|32:32|34:39|0:2|139:142
1,147,92:111|69:73|97:109|70:72|76:95|50:55
1,106,40:57|21:39|42:45|14:21|6:17
1,48,62:78|78:79|94:113|33:44|38:53|7:14|19:33|48:51|21:36|47:48|4:9|82:96
1,161,38:56|83:90|52:61|48:66|17:21|78:97|20:24|76:92|43:58|29:41|92:101|161:166|13:30|87:91|60:61|26:39
1,43,4:12|34:39|64:73|32:43|34:36|32:36|87:100|72:73
1,49,36:55|3:15|51:61|13:16|5:13|49:68|96:104|79:98|49:49
1,195,0:10|95:109|91:96|48:54|63:69|93:111|58:76|45:58|71:75|99:100|90:98|14:21|95:105|37:54|20:23|9:20|30:34|97:109|35:38|82:94
1,132,96:101|61:64|84:87|44:63|132:134|18:37|30:41|42:58|132:146|72:84
1,66,56:63|36:52|95:98|32:45|49:66|95:110|12:30|11:18|91:99|42:46|14:25|38:49|50:67|19:32|98:108|3:17|70:88|18:36|92:100
1,86,86:95|70:75|86:95|95:106|68:74|96:115|54:63|98:114|83:97|66:69|77:83|42:56|90:97
1,14,14:22|90:105|66:72|46:47|2:4|41:52|54:55|30:36|72:74|81:96|88:102|33:46|91:94|36:36|8:27|34:47|84:102|64:66|3:10|13:15|67:71
1,60,79:84|40:46|58:63|89:100|60:66|10:16|96:99|33:40|80:92|48:61|60:75
1,1,3:11|17:36|96:106|28:34|1:11|85:104|9:19|58:73|14:17|7:10|55:71|18:37|94:107|34:46
1,186,15:20|97:108|91:101|38:39|35:40|59:62|6:16|37:41|186:193|55:63|75:87|96:105|42:48|51:57|25:44|59:71
1,58,58:69|22:35|79:83|58:58|69:80|2:12|79:85|18:27
1,59,93:94|50:63|27:35|8:13|59:72|94:112
1,15,65:78|96:96|97:108|42:50|21:36|64:73|82:88|18:25|64:77|44:50|55:62|89:95|10:26|35:40|29:30|93:95|41:45|71:88
1,16,95:107|2:13|82:85|31:50|69:84|35:46|14:30|16:29|16:21
1,180,62:65|95:98|2:5|13:22|68:73|21:29|68:77|33:43|17:31|67:67|63:77|82:90|180:194|34:42|50:50|7:17|22:26|11:13|18:34|35:47
1,79,56:56|79:85|26:44|94:110|87:97|32:47|45:52|37:38|69:87
1,149,18:18|51:61|52:58|50:55|46:46|87:100|8:23|92:92|58:74|75:77|54:56|72:86|149:152|90:95|84:99|61:75|40:44|40:59|30:32|149:168
1,31,69:80|96:103|39:50|55:62|86:102|5:20|47:64|90:108|22:25|63:82|0:12|55:68|80:97|31:36|10:19|71:78|60:78|7:21|28:28|84:95
1,162,162:172|31:39|24:31|19:38|36:42|21:22|35:49|162:181|65:83|25:26|15:34|36:52|7:13|28:47|50:65|22:27|79:88|75:84|15:26|86:105
1,145,53:67|48:65|60:62|145:156|70:82|53:64|145:148|98:106|79:84|44:49|73:85|57:74|87:93|98:101|92:110|38:57|85:104
1,49,12:12|58:64|16:31|49:68|61:80|61:61|35:43|79:83|28:43
1,136,12:19|79:92|53:68|136:148|44:56|17:34|59:63|2:20|97:105|53:54|95:96|37:46|44:48|31:38|94:99|94:103
1,100,55:57|50:64|77:83|76:82|14:32|87:91|48:56|100:118|21:29|57:75|100:103|97:116|44:57|51:56|19:31
1,110,14:22|57:62|99:108|85:99|21:40|75:93|50:54|74:85|37:54|38:54|110:127|82:82|52:62|95:109|93:94|50:68|110:126|49:57|12:21
1,116,47:66|26:36|92:96|35:51|30:41|78:93|78:93|44:62|54:58|116:130|43:52|27:45|88:92|86:95|48:57|96:111|40:47|65:76|21:28|68:72
1,92,0:2|93:107|25:44|22:30|92:101|17:24|14:15|23:32|97:109|92:105|18:25|45:50|32:38|55:60|14:30|93:108|16:27
1,68,16:28|42:47|17:25|97:99|2:8|26:30|43:53|53:58|62:62|79:79|79:84|3:10|52:58
1,181,66:68|181:181|14:17|37:46|12:23|53:69|63:64|26:45|86:91|75:76|30:40|33:39|50:53|54:64|10:17|40:47|83:86|61:67|8:27
1,2,17:26|22:38|58:71|55:68|86:97|51:66|73:74|2:21|55:71|74:84|59:59|94:112|81:97|68:69|37:37|42:42|2:14
1,85,13:19|85:96|35:42|64:67|76:80|31:36|1:8|41:52|82:83|29:43|84:85
1,82,61:74|0:2|19:32|42:42|72:78|15:26|7:10
1,86,86:94|24:25|59:72|59:65|55:64|92:94|37:53|94:98|8:10|1:20|38:48|12:19|75:86|86:96|66:71|37:56
1,125,125:138|69:76|36:38|43:52|62:75|85:101|17:23|14:18|67:69|93:106|45:50|6:13|10:18|86:86|37:37|24:33
1,101,19:29|9:13|95:114|40:40|44:56|101:119|65:66|66:75|70:74|28:36
1,121,48:59|61:64|35:53|21:33|13:15|6:25|56:74|44:52|68:81|37:49|13:21|36:37|78:80|99:116|96:104|43:56|88:98|20:22|97:101
1,106,85:87|25:36|106:106|5:23|6:19|81:82|28:29|75:85|8:14|90:101|27:36|2:12|4:6|57:74|94:98|72:80|86:102|0:14|89:101
1,92,32:32|19:34|57:76|84:99|93:93|77:88|4:8|86:99|53:54|27:40|43:58|2:15|57:69|96:98|88:90|34:46|16:28|97:103
1,39,30:36|12:18|35:45|71:72|75:87|39:57
1,129,7:10|26:40|98:106|23:33|90:91|94:104|75:89|96:105|129:130|21:32|91:104|98:116|70:76|90:106|53:53|45:55
1,148,148:156|2:2|32:33|36:45|53:54|148:151|27:46
1,83,3:9|82:89|71:74|54:66|32:43|52:60|53:60|78:94|34:45|62:66|56:67|46:60|59:75|41:54|63:76|9:15|83:94|44:52|37:53
1,61,25:44|94:94|23:36|9:9|74:79|86:103|82:82|61:75|30:31|61:61|61:74|52:64|61:71|58:59|64:72|95:112|78:83|46:56
1,131,16:26|131:143|9:27|3:3|73:83|131:136|47:62
1,151,64:76|28:42|57:73|17:34|93:100|14:21|99:114|20:39|1:6|151:155|30:31|76:84
1,188,1:2|8:22|41:60|11:15|76:79|19:22|48:50|188:189|21:31|16:22
1,196,196:202|196:209|19:26|47:52|61:68|52:56|81:83|74:87|9:16|21:34|77:86
1,98,69:85|42:59|6:25|50:56|49:66|23:33|84:98|38:40|64:82|58:62|98:105|7:21|57:57|82:93
1,34,15:25|17:28|65:76|31:45|13:27|77:89|89:99|99:103|34:48|62:81|94:108|47:61|43:56|14:15|96:110|34:50|81:96|16:17|84:93
1,95,95:109|8:9|50:62|59:61|95:103|13:18|6:23|4:16|85:88
1,98,57:69|10:14|64:71|22:35|66:70|60:66|89:94|69:69|52:53|97:103|30:46|98:111|42:56|23:34|36:55
1,88,88:102|13:23|68:85|44:53|1:6|92:99|34:39
1,105,54:72|65:68|24:36|11:25|16:22|35:41|34:34|69:80|49:59|105:122|91:103|96:113|91:94|13:30|96:112|105:122|35:37|73:80
1,111,99:102|24:29|65:74|8:10|65:83|20:34|88:106|111:114|13:23|29:47|39:49|7:21|47:48|17:32|44:53|35:37|34:38|79:95|0:16
1,5,58:77|20:35|95:112|77:94|37:53|5:22|71:85|73:88|5:17|50:58|60:79
1,42,69:75|43:43|31:42|27:35|26:29|31:48|94:104|15:19|42:42|55:65|31:43|17:18
1,130,85:85|93:103|39:40|18:27|25:39|4:13|89:108|130:145|61:70|82:86|0:12
0,158,158:173|158:159|52:65|69:81|41:45|84:102|11:14|59:63|50:62|51:58|32:40|50:64|10:13|32:44|26:37|32:40|7:16
1,191,35:40|99:114|4:13|28:45|191:207|8:13|90:106|14:21|50:50|50:67|91:106|22:36|15:15
1,134,51:52|15:15|134:135|48:54|40:50|76:81|38:57
1,146,1:13|8:11|8:24|146:161|70:74|50:50|64:81|45:56|26:28|94:109|94:96|52:53|5:12|96:106|16:16|22:26|20:38|14:23
1,92,40:56|82:84|78:80|34:42|92:92|17:30|35:43|22:37
1,73,27:46|79:96|44:45|51:53|51:63|98:114|85:89|7:16|73:91|42:49|31:38|60:69|4:23
1,116,79:90|44:58|58:71|84:84|98:113|59:72|22:25|20:37|44:63|42:47|29:46|42:58|0:4
1,135,51:51|85:101|39:45|60:60|37:45|3:17|54:64|19:30|94:103
1,182,48:53|74:86|62:79|50:54|85:95|0:18|43:61|80:82|49:63|98:106|98:115|17:30|54:59|32:43|25:36|182:195|72:90|8:24|63:72|182:192|32:42
1,10,17:29|43:58|58:76|20:23|50:55|25:31|32:33|92:109|10:15|10:25|17:24|38:41|6:21|93:100|81:91|52:55
1,49,68:86|61:68|49:61|28:30|10:20|74:77|29:36|49:62|41:47|57:67|35:44|48:62
1,63,42:49|13:31|12:22|68:70|63:66|63:69|69:88|22:31|91:102|89:103|42:44|18:34|33:47|4:16|26:32|87:93|43:43|34:46|50:64
1,19,76:79|74:82|26:34|35:35|27:29|5:16|30:47|71:80
1,125,125:139|25:40|72:80|40:43|90:109|3:22|17:35|69:81|7:15|50:66|51:65|82:83|40:53|64:83|42:50|95:95|55:60|125:126|8:12|66:74|31:42|97:105
0,79,20:33|38:47|79:79|72:82|80:97|8:21|94:96
1,144,144:160|4:13|32:32|62:68|44:55|62:81|144:149|73:85|23:26
1,40,13:22|67:67|45:53|22:23|40:54|36:51|30:49|40:45|37:38|82:92|52:58|89:107|6:13|8:23
1,174,29:30|76:84|174:178|86:89|56:65|71:86|79:91|50:53|53:68|39:53|37:41|174:185|65:68|84:97|9:21|72:72|82:87
1,21,24:42|59:74|34:53|20:21|66:83|51:70|6:21|17:17|14:18|56:64|37:47|73:82|35:51|77:95|82:98|81:100|88:90
1,187,80:93|62:79|79:87|47:63|12:25|67:84|57:70|57:76|187:195|187:193|85:91|86:90|76:84|69:77|40:53|60:77
1,137,88:101|53:59|87:99|77:91|58:65|17:23|45:61|3:13|56:74|73:84|86:100|36:50|54:54|76:89|80:99|88:93
1,152,52:61|77:92|152:167|99:110|96:112|55:66|11:30|81:87|44:53|34:38|56:66|87:94|152:156|63:75|20:23|91:96
0,161,1:15|7:23|49:55|88:103|91:103|85:93|76:92|8:8|36:52|52:70|161:168
1,45,24:42|25:26|80:95|56:72|18:37|45:48|6:12|90:95|20:31|45:50|0:16|90:95|71:89|0:11|39:49|50:66|45:55|27:31|37:42
1,42,95:104|33:37|42:49|34:52|42:47|6:12|96:115|95:103|25:28|39:51|39:48
1,11,42:52|85:94|28:42|49:49|93:97|45:57|95:98
1,191,191:201|0:1|25:35|93:101|54:66|191:193|1:20|63:65|30:39
1,105,10:23|45:46|32:45|75:94|63:63|59:73|31:35|28:33|6:21|1:17|20:27|76:94|28:39
1,172,79:90|26:41|15:34|49:49|55:66|37:43|23:37|95:111|88:100|22:23|172:186|7:12|77:92|29:34|26:39|74:85|172:182|46:62
1,62,36:53|62:78|82:88|28:41|79:97|80:86|99:110|62:78|63:72|24:36|48:65|50:51|98:107|49:68|83:86|62:66|89:97
1,130,1:16|75:85|20:36|130:138|13:22|47:65|59:74
1,175,79:79|175:182|80:84|15:31|45:59|2:5|2:12|55:58|87:96|18:37|98:110|175:180|88:90|99:100|41:52|1:20|45:53|0:19
1,115,36:36|32:49|1:5|42:44|67:82|42:47|82:84|73:82|41:59|10:26|53:60|52:67|64:69|37:47|14:28|41:57|33:34
1,178,76:89|60:77|93:96|92:106|13:16|178:192|23:41|34:42|178:184|55:72|6:22|3:22|38:41
1,9,49:53|89:99|81:97|51:60|6:23|25:31|9:15|46:52|29:29|46:50|63:72|64:83|27:37|34:37|71:75|61:80|96:114|78:86
1,181,23:32|181:200|96:99|8:13|84:101|89:101|34:46|17:27|82:84|43:60|42:48|2:5|90:96|2:14|10:23|98:104|0:6|181:196|91:96|42:61|62:67
1,98,4:16|42:48|93:103|2:18|27:27|11:24|98:104|98:114|33:37|57:72|48:51|17:21
1,65,8:13|46:64|45:46|51:52|38:49|31:34|65:73|21:33|38:42|65:72|22:23|52:55|69:74|26:36|77:93|49:58|72:80
1,158,5:17|53:66|27:34|0:7|7:23|67:74|44:63|158:164|60:68|9:24|158:170|83:88|63:82|88:90|45:59|8:15|22:26|73:79|16:31
1,181,48:57|56:70|71:86|181:196|92:110|73:92|10:24|60:73|72:74
1,170,61:65|82:93|13:15|5:9|14:20|13:26|16:32|69:88|170:179
1,133,12:17|51:68|46:61|52:63|60:64|64:71|10:26|56:71|5:5|30:34|93:112|46:63|56:61|90:95|76:84|53:61|18:26|10:28|85:101|93:110
1,102,89:92|76:80|9:10|19:27|102:118|59:68|58:70|97:99|0:1|32:40|24:39|51:53|65:65|60:61|50:55|102:116|34:46
1,87,9:18|87:100|29:30|85:102|87:104|72:77|90:108
1,28,6:21|9:10|23:36|95:98|28:35|93:102|84:84|78:79|62:76|75:76|28:44|77:82|33:50|54:55|99:103
1,60,38:40|36:45|24:25|77:93|72:76|60:65|74:76
1,142,40:44|39:43|76:94|95:106|58:77|57:57|15:18|41:53|65:75|5:17
1,68,77:90|33:43|68:75|6:12|57:58|72:74|42:43|78:91|19:20|99:100|25:41|96:115|27:33|71:77|20:36|66:78|37:50
1,141,89:101|92:93|11:28|55:74|40:50|141:155|13:25|83:91|1:1|88:104|33:43|98:106|79:94|46:51
1,88,59:78|10:15|88:105|53:53|81:92|81:85|50:56|71:71|45:61|17:24|58:72
1,197,35:50|89:93|29:35|9:26|52:64|95:101|15:22|78:81|72:85|99:113|12:30|97:102|88:92|197:206|72:76|42:56|83:90|44:56
1,144,29:30|3:7|32:39|30:31|55:72|144:159|45:51|50:64
1,86,91:93|43:59|7:11|32:41|73:78|95:99|37:45|60:66|25:27|86:93
1,20,32:36|49:66|58:66|55:57|67:83|38:41|65:80|96:105|6:13|61:68|63:79|82:82|84:92
0,196,53:64|43:61|10:23|60:65|69:72|73:81|196:215|79:83|8:20|26:28|8:21|76:77|78:96|6:10
1,49,91:109|30:35|18:19|55:60|41:48|98:117|19:32|83:102|13:25|33:45|13:27|36:39|96:102|81:93|18:33|35:40
1,47,47:65|50:69|83:96|39:44|22:30|56:69|91:96|9:18|71:75|34:37|48:57|72:85|79:91|77:92|61:75
1,188,95:108|87:95|43:49|38:42|81:96|188:198|93:111|53:65|40:42|88:104|33:42|37:39|61:76|21:35|10:23|64:75|63:78|99:113|65:76|188:199|7:8
1,186,186:205|5:10|71:74|186:205|52:71|63:81|44:50
1,122,9:12|95:109|89:102|38:54|60:76|42:59|48:48|57:64
1,195,15:31|44:51|76:83|16:23|6:8|95:109|48:55|68:85|195:201|94:105|44:51|62:69
1,95,65:65|24:31|82:92|49:58|16:34|9:25|86:103|26:34|95:100|98:108
1,3,56:75|99:115|38:47|26:43|90:108|22:30|10:24|41:47|76:82|67:77|3:6|3:9|72:80|27:45|0:2|46:63|89:89|31:44|19:24|47:50|68:68
1,57,90:108|85:93|1:12|40:40|44:61|26:28|82:92|4:17|89:90|57:73|15:20|55:58|48:60|67:84|31:32|64:77|29:37|19:28|89:108|23:24|99:108
1,32,89:104|55:57|81:96|0:7|34:52|35:52|57:70|36:45|56:56|34:44|32:39|36:38|86:86
1,50,11:21|83:91|12:23|43:45|91:100|9:15|13:13|25:38|43:55|56:72|61:64|69:84|76:80|43:54|18:34|11:16|27:39|55:67|15:18
1,106,55:57|83:95|66:81|60:71|75:82|9:18|97:112|20:24|84:86|20:34|33:41|88:104|85:97|79:80|65:68|78:79|99:99|106:112
1,185,85:103|185:201|99:111|66:66|61:79|85:96|17:26|185:197|86:98|0:6|31:35|54:62|34:45|90:102
1,6,91:95|6:25|6:7|31:46|48:66|74:82|64:64|23:24
1,141,90:94|18:25|141:148|59:69|61:67|56:75|5:23|141:160|39:41|44:57|84:85|24:33|40:50|9:13|84:91|5:22|55:73|53:62|50:54|2:11|69:69
1,28,73:79|50:60|67:75|73:75|32:49|46:57|28:30|32:43|73:92|52:56|51:64|2:17|54:55|28:38|99:107|25:33|90:104|1:7|43:43
1,200,0:3|23:38|21:24|74:79|69:83|26:44|45:64|70:78|28:33|90:105|97:101|57:73|40:53|61:63
1,1,89:93|15:17|1:7|1:10|77:93|76:94|86:96|9:9
1,3,8:8|42:45|48:62|62:73|21:27|1:16|15:21|99:99|82:83|76:94|59:60|3:3|98:98|59:77|1:3|96:109|52:59|82:101|52:64|7:12
1,16,76:84|17:34|31:39|65:80|61:62|74:74|9:15|95:95|32:40|86:99|2:7|16:31|83:101|91:96|2:7|87:89|83:100|35:54|47:48|68:85|72:77
1,4,12:18|4:14|62:75|70:83|74:77|88:89|33:37|28:46|43:60|82:88|94:99|96:100|29:41|12:27|16:35|42:47|24:29
1,172,52:61|16:29|48:57|14:31|3:10|44:52|98:110|45:48|76:80|172:190|41:55|69:85|91:107|32:51|14:23|80:91|91:95|172:185|67:86|82:97|82:93
1,61,1:11|80:82|26:29|32:32|21:31|27:42|35:38|88:93
1,74,17:28|23:29|92:106|46:51|34:38|74:91|86:100|39:57|79:87|9:26|59:77|74:86
1,57,57:62|6:18|32:48|9:20|57:68|72:72|95:113
1,162,92:103|49:52|80:89|94:108|36:41|38:48|94:102|34:38|77:91|95:110|29:43|74:80|46:49|162:177|26:29|52:64|70:87|21:26|87:105
1,180,48:54|81:92|48:60|54:60|32:48
1,92,12:25|35:52|65:72|7:22|24:30|62:72|60:76|50:55|57:66|19:26|15:20|92:95|51:60|71:83|50:53|22:34|23:35|64:76|46:55|32:41
1,132,72:75|84:87|32:40|82:82|49:61|57:57|72:86|23:37|25:29|18:25|52:59|67:82|42:49|75:85|8:21|78:84|132:135|28:30|68:81|132:133|19:26
1,114,83:98|114:132|13:17|89:95|53:64|99:107|82:100|47:56|2:20|48:67|64:82|8:17|93:104|114:122|55:63|66:66|53:57|33:49|12:31|33:47|94:94
1,108,31:46|65:68|56:69|108:113|65:77|18:26|84:86
1,165,56:75|24:26|77:78|30:44|49:55|27:45|52:70|36:40|21:22|165:174|91:100|1:16|41:48
1,55,78:95|79:91|34:38|54:66|49:60|30:36|93:96
1,97,35:49|86:93|97:101|52:56|40:51|97:108|20:34|98:116|74:88|59:70|30:30|79:89|68:69|5:17|37:45|74:86|97:105|15:31|56:63|68:87|97:102
1,127,56:57|127:135|35:41|23:27|73:84|40:49|54:58|47:62|127:144|91:109|4:13|91:92|47:66|92:105|20:34|25:30|78:97|40:45|86:101|90:92
1,180,51:59|50:52|93:98|59:75|37:51|78:91|27:31|180:199|50:58|27:39|25:26|24:26|26:42|24:36|97:102|180:185|56:58|92:100
1,108,36:38|38:55|93:108|81:84|34:53|108:114|17:30|47:65|49:67|108:109|29:48|74:93|40:42|22:23|89:93|67:71|61:64|82:86|27:36|78:89|82:97
1,159,71:78|74:87|34:48|16:32|25:41|35:50|11:26|43:59|48:51|82:88|17:32|2:12|74:81|56:62|13:32|28:38|31:41|72:79|31:40|159:176
1,186,55:70|84:89|89:101|186:205|12:14|72:75|58:69|186:199|95:107|35:47|63:75|22:34|2:16|14:28|77:95|65:69|49:63
1,34,97:116|39:44|86:94|1:8|1:6|65:80|14:20|30:34|64:83|58:65|92:97|56:73|5:9|34:40|49:63|47:60|51:70|34:37
1,44,41:41|34:44|0:12|52:68|52:57|27:38|14:31|26:38|58:63|83:101
1,85,36:40|80:85|32:33|54:67|85:94|72:83|71:74
1,74,41:59|51:59|74:78|74:91|69:77|16:24|74:86|9:11|23:25|41:44|97:103|49:65|37:49|11:22|50:58|5:24|67:79
1,21,51:69|85:87|0:17|21:25|41:57|57:60|10:26|74:78|38:42|47:58|15:26|27:37|22:33|56:73
1,152,33:47|0:13|89:89|27:42|55:61|61:66|88:100|93:107|93:104|50:58|66:78|58:68|36:41|68:70
1,118,4:7|10:16|55:62|118:135|31:49|18:20|34:45|118:128|74:86|0:17|89:101|10:20|16:16|23:23|7:22|89:105|48:58|53:70|0:11|52:64|38:45|32:35
1,194,16:31|29:41|14:16|194:198|56:64|87:104|49:62|53:56|70:84|91:101|16:17|69:69|43:60|194:202|28:42|71:75|89:100|10:13
1,177,177:194|6:21|40:55|34:48|98:115|56:73|37:51|177:194
1,75,1:12|67:71|2:17|24:33|53:58|28:30|40:42|26:42|26:27|75:89|43:55|6:12|32:50|94:103|92:105
1,27,39:50|94:110|64:74|96:102|92:110|73:86|49:56|27:30|50:51|31:45|5:5|83:84|15:17|19:38|41:44|14:20|77:84|62:80|46:64|54:62
1,22,59:62|93:102|99:99|23:36|35:38|1:11|6:15|83:101|57:65|2:19|80:99|89:94
1,18,83:89|29:48|82:94|72:81|38:39|88:95|89:108|80:95|5:24|18:36|93:110|13:29|39:45|5:20|18:20
1,125,78:88|32:46|21:39|26:29|78:95|56:67|33:45|63:69|18:30|39:55|125:130|61:68|83:93|8:23|64:80|92:98|27:34
1,7,3:17|62:81|8:27|87:87|12:17|86:100|77:91|45:60
1,177,27:46|32:51|34:37|78:86|66:80|80:85|11:18|177:183|22:41|72:85|4:12|98:107|9:13|35:36|25:30|12:13|44:57
1,49,77:77|55:69|12:30|2:21|29:43|97:113|16:34|30:37|74:80|31:38|65:81|35:51|51:69|37:40|45:50|76:76|82:98
1,47,19:29|74:80|75:78|92:97|54:58|47:64|58:65|98:112|91:107|45:54|76:84|22:25|78:94|17:30|6:23|43:49|19:22|56:74|6:12
1,93,65:80|28:35|72:88|87:104|20:22|97:113|16:33|16:19|57:63|56:61|93:107|3:15|89:103|70:84|28:34|6:19
1,146,37:54|91:93|69:81|46:47|0:6|93:102|6:12|45:46|0:10|97:108|26:36|16:34|28:29|85:93|49:54|96:105|74:85|146:161|26:31|24:42|11:14
1,20,55:66|46:63|52:70|12:29|87:89|83:87|70:85|20:37|64:68|36:52|55:55|85:90|20:31|96:101|67:76|8:8|51:58|51:63|50:61
1,172,172:185|96:103|20:39|40:46|172:177|95:105|85:97|62:70|9:16|34:36
1,47,38:50|4:18|0:14|22:28|25:40|2:15|19:38|90:105|47:66|27:30|87:93|14:14|71:78|10:26|98:114|57:66|81:82|15:22
1,55,55:63|44:45|6:9|29:36|28:30|7:10|74:77
0,181,5:19|35:50|89:104|80:89|29:47|26:40|11:17|31:34|181:185|37:37|72:77|63:81|34:38|59:69|21:32|21:35|12:14|94:98|2:14|53:59
1,102,84:102|34:47|65:73|102:112|72:90|102:121|83:101|27:30|86:86|2:8|99:100|61:76|88:95|35:49|46:56|42:45|34:47
1,127,127:144|49:58|71:88|63:65|25:29|73:87|97:106|127:130
1,75,15:21|43:61|60:69|21:21|79:86|75:84|63:65|78:86|51:56|67:70|20:38|61:77|78:82|33:45|44:52|73:92
1,180,67:83|51:69|36:51|94:113|45:50|19:19|56:67|28:43|180:187|79:84|65:76|8:8|3:7|91:102|27:44|38:53|48:50|3:9|3:8
1,64,61:76|28:37|21:27|4:11|45:53|28:34|31:33|64:64|23:40|23:32|45:49|22:32|18:19|50:66|13:22|22:30|64:81|3:10
1,75,5:20|18:25|6:7|2:20|41:60|75:77|87:97|97:105|56:56|94:95|7:11|71:84|20:32|15:24|22:27|41:44|59:63|25:30|15:28|63:68|0:4
1,36,60:69|36:39|76:77|40:53|50:69|37:37|52:70|8:9|26:28|75:90|26:38|95:99|38:53|36:39|96:111|96:110
1,178,34:39|95:110|0:3|58:75|77:89|69:79|25:34|65:73|88:104|23:30|178:193|52:55|62:68|48:49|57:73|64:64|69:83|81:89|68:84
1,58,99:111|49:61|43:51|99:118|58:61|84:95|73:87|95:106|60:68|61:64|1:20|35:38|87:93|20:29|41:49|61:73|92:101|63:80|63:73|71:77|35:54
1,75,4:7|98:106|56:57|45:61|31:41|40:50|82:82|57:69|75:90
1,85,61:62|22:22|28:42|90:101|87:105|88:99|29:30|85:95|85:91|36:50|99:113
1,50,85:94|21:35|17:31|29:33|72:81|79:88|69:82|65:84|82:92|16:22|96:104|30:38|43:44|85:85|93:109|46:65|93:105|51:64|77:93|67:81
1,183,42:57|72:91|62:81|27:38|86:99|57:63|77:80|42:56|73:86|81:84|61:64|16:35|68:68|12:26|38:38|65:70|183:192
1,119,70:88|119:134|6:15|22:35|93:97|10:24|40:54|14:19|47:66|1:3|46:59|119:119|83:91|24:36|70:86
1,148,92:98|89:97|56:74|148:167|38:44|7:9|80:86|14:19
1,191,4:13|70:79|2:20|59:60|191:210|44:61|191:205|41:57|39:48|71:80|1:10
1,176,62:63|86:92|176:180|19:34|4:20|5:21|64:77|93:99|67:84|80:89|69:70|7:12|70:82|176:184|28:31|92:107|80:87|75:79|4:4|9:17
1,187,79:98|187:203|78:86|81:100|7:25|35:53|88:105|35:46|4:14|6:14|32:44|23:26|45:51|65:73|187:201
1,18,3:8|69:75|66:69|65:75|43:62|65:79|55:64|81:81|2:9|90:91|74:75|18:23|73:80
1,135,12:30|135:149|46:64|46:48|40:54|26:33|135:154|13:15|51:60|7:25|88:103|10:11|50:66
1,114,114:116|12:14|55:62|72:85|20:39|10:25|3:4|78:84|54:63|10:28|73:91|56:64|96:98|46:51|53:67|78:82|0:10|76:89|114:129|12:22|7:7
1,131,34:51|10:27|1:6|54:65|86:100|62:68|28:29|27:35|131:134|40:46|131:140|19:26|45:48
1,33,64:66|88:89|33:41|33:48|27:38|86:87|56:56|36:51|35:35|0:9|81:98|21:38|6:20|29:36
1,67,42:55|67:84|35:39|37:37|68:80|91:99|7:13|70:83|67:74
1,165,84:100|16:27|55:56|165:178|59:66|165:171|57:64|2:17|93:109|85:100|91:99|38:42|95:101|26:28|2:5|0:5|0:11|74:92
1,71,71:82|89:104|56:69|55:72|25:40|20:38|15:31|23:26|26:29|71:77|60:75|68:70|85:98|40:57|60:65|12:28
1,150,46:56|98:109|0:11|29:32|34:47|64:64|84:85|97:102|81:100|42:46|45:57|13:30|32:33|80:86|57:68|6:16|58:60|83:92|51:59
1,193,84:103|193:208|31:44|193:197|52:57|15:15|70:84|47:49|61:62
1,3,20:29|96:96|3:3|82:94|3:15|57:70|24:28|37:54|7:25
1,57,19:23|70:89|57:64|57:62|26:42|35:46|17:29|12:22|64:65|16:17|70:86|84:84|41:43
1,8,72:90|96:108|8:24|16:23|40:54|67:73|69:80|44:52|14:18
1,64,82:93|64:65|32:51|19:37|32:43|39:56|66:84|13:17|10:25|27:46|70:84|66:75|37:43|71:74|92:104|74:89|82:86|24:27|49:63
1,107,39:50|93:101|86:93|107:123|55:63|64:70|95:99|107:121|31:35|94:94|1:9|87:93
1,57,78:94|64:80|66:72|25:36|57:57|1:18|72:78|77:94|33:50|69:76|96:114|20:21|49:68|39:50|89:90|57:62|44:59|3:7
0,190,15:30|53:70|1:3|72:83|65:73|70:85|74:78|190:192|85:92|85:90|17:31|78:90|53:64|190:194|13:16|96:105|37:54|88:88|91:105|18:34|64:81
1,83,2:8|15:15|27:28|97:115|17:25|38:55|49:66|59:60|9:14|60:64|59:69|3:21
1,146,4:22|30:46|41:47|37:55|3:18|90:108|82:89|78:97|76:90|5:20|14:31|49:56|89:106|95:96|65:84|146:155|58:69
1,54,60:79|3:14|7:22|65:67|47:57|61:78|94:111|73:73|50:56|86:99|72:83|54:54|37:38|20:30|54:58
1,25,22:25|46:46|30:42|53:67|68:73|83:83|45:56|38:38|49:51|54:66|83:95|6:13|34:39|25:29|1:19
1,166,22:24|87:100|50:52|49:67|16:32|28:29|2:21|74:90|44:60|67:78|46:60|96:104|67:84|39:53|50:58|29:31|29:33|66:70
1,146,43:57|32:35|69:73|65:78|146:165|80:84|9:26|14:29|7:17|8:14
1,151,151:163|55:62|19:34|57:60|65:83|71:87|87:90|70:75|36:48|90:106|68:72|83:84|71:80|86:104|151:165|86:105
1,80,76:93|80:93|13:20|52:55|97:113|80:99|15:22|59:68|54:65|53:60|77:95|51:56|43:52
1,111,16:21|16:24|1:14|90:104|55:69|51:59|50:61
1,51,52:66|73:91|39:42|60:68|88:97|97:104|30:45|51:56|9:18|83:96|91:93|63:76
1,20,32:35|20:36|88:102|72:87|20:28|27:27|95:108|21:37|43:47|38:53|66:76|7:24|47:63|84:94|2:16|60:72|62:81|41:58|94:101|20:30|15:31|49:62
1,44,17:18|52:71|65:69|2:20|3:14|66:79|22:40|9:14|61:79|89:102|61:79|24:25|91:100|87:89|44:45|20:27|71:79|35:46|27:38|29:47|72:88
1,177,21:32|21:24|40:50|48:55|70:89|53:56|98:117|177:192|89:99|32:44|177:178|27:27|2:21|16:19|54:65|57:58
1,139,52:55|64:71|16:30|66:69|36:45|85:102|0:14|24:43|61:78|139:158
1,163,30:30|79:84|92:93|56:72|163:176|55:64|82:86|22:34|83:84|77:95|163:179
1,137,89:102|76:78|98:98|26:34|98:114|17:20|88:97|52:55|15:19|74:81|60:77|74:80
1,103,4:6|103:105|15:21|6:10|14:15|82:97|73:91|90:109|78:79|75:88|64:76|4:14
1,50,52:70|40:40|50:57|29:37|25:39|27:32|19:33|78:87|50:57|15:28|63:66
1,63,61:75|63:64|63:65|1:8|88:89|81:97|57:68|63:64|56:66
1,161,52:69|24:24|30:42|96:113|78:91|8:10|85:93|161:168|95:111|55:69|90:100|73:87
1,106,80:92|10:27|60:63|37:53|70:85|60:75|98:114|89:106|75:79|87:91|54:73|28:44|69:75|106:120|95:112|7:26
1,80,56:57|73:81|68:85|51:55|2:17|80:91|48:62|34:49|47:55|87:91|5:18|61:74|35:54|12:15|30:43|80:90|19:35|83:94
1,182,182:186|24:29|43:50|71:77|33:39|40:58|1:19|87:106|98:98|59:77|182:192|85:95|94:112|76:81|26:30|37:37|68:86|79:82|46:48|51:52|82:89
1,91,91:109|4:18|23:28|91:93|1:14|26:42|30:33|85:95|78:84|19:20|91:94|54:63
1,166,88:102|166:169|16:21|16:22|166:182|17:36|88:92|79:86|97:107
1,74,30:46|25:30|58:76|12:26|58:64|57:59|74:78|63:65|59:76|61:61|74:80|27:34|73:85|96:101|74:77
1,120,31:37|65:74|68:86|73:85|51:69|35:49|22:22|44:56|86:103|75:94|15:19|92:93|66:77|120:126|39:39|28:41|75:90|70:78|42:42|67:67|57:57
1,157,95:111|90:91|53:56|69:78|9:9|17:32|85:91|157:174|157:162|26:26|77:77|22:37|40:45|40:56|41:52|2:2|81:83|34:38|45:48
1,143,61:64|66:85|6:25|47:63|28:36|73:83|58:66|2:14|67:67|32:36|54:59|143:156|143:144|19:19|26:31|73:77
1,38,53:72|41:53|47:51|79:98|22:37|56:57|27:32|71:73|12:21|73:79|38:44
1,158,67:72|71:83|17:18|18:31|8:11|53:55|65:77|10:18|158:167
1,197,34:47|4:5|14:16|28:36|197:200|25:38|197:200|55:66|81:94|79:79|68:71|98:103|78:95
1,16,41:51|16:17|27:36|65:75|90:96|61:78|99:107
1,140,6:6|29:34|7:12|140:156|99:112|57:71|64:79|10:15|45:45|140:148
1,23,32:34|27:32|54:56|90:108|74:76|33:46|54:58|21:21|78:90|76:81|77:90|14:22|23:31|47:59|30:41|50:61|29:32|48:59|38:42
1,138,47:51|3:15|138:145|91:91|92:96|12:19
1,158,22:39|3:14|2:4|87:96|93:94|6:8|43:60|35:51|27:40|40:49|23:29|42:47|89:95|99:102|72:82|158:175|83:85|5:9
1,172,172:174|80:84|40:41|17:27|172:191|55:62|73:78|98:115|33:40|28:42|95:103|97:116|38:51|95:105|43:43|45:52|49:52|61:74
1,118,28:39|89:89|55:66|5:10|25:25|33:43|9:28|118:125|17:29|9:9|38:41|27:35|6:19|32:32
1,7,62:76|7:17|29:46|7:15|90:106|26:37|42:43|20:25|79:93|77:87
1,15,43:54|62:76|75:92|71:72|15:22|91:107
1,25,41:60|25:39|96:96|25:44|87:106|80:83|92:109|26:34|96:100|72:84|55:71|25:40|74:76|77:81|25:32
1,116,55:60|29:34|69:87|3:20|83:86|28:28|27:41|52:66|17:21|40:50|63:75|63:69
1,175,42:49|42:56|40:53|49:57|32:34|22:24|78:86|44:62|96:101|65:75|20:33|7:10|31:35|55:55|64:83|36:54
1,83,42:50|17:36|46:55|44:46|3:15|0:13|40:42
1,27,20:38|80:84|71:90|27:33|53:57|66:79|4:9
1,159,17:30|79:86|29:37|92:108|31:47|24:36|97:116|17:32|28:33|72:86|1:2|13:23|1:5|1:9|97:110|33:35|27:43
1,147,147:159|29:48|147:159|51:60|38:39|76:76|88:93|84:85
1,51,3:3|51:68|51:54|94:104|79:90|87:88|46:64|1:11|56:71|46:50
1,199,31:45|95:96|11:16|45:62|199:208|17:21|78:92|5:17|10:17
1,21,0:4|95:111|94:103|21:40|57:67|88:105|21:33
1,28,16:19|79:98|26:42|95:107|28:34|40:57|80:90|28:41|57:68
1,182,34:46|182:196|71:81|65:82|91:95|39:48|91:108|65:71|1:1
1,59,53:70|31:36|77:77|48:51|79:83|23:35|19:24|18:29|5:10|70:83|23:42|93:112|16:30|77:88|24:39|75:82|92:100|80:86|45:53|12:28
1,82,82:100|18:18|11:27|40:59|18:23|45:58|61:64|48:61|38:42|72:77|26:44|98:102|74:91|59:60|33:42|20:24
1,30,81:92|0:9|32:46|64:73|7:7|39:48|85:89|16:19|81:81|73:89|54:54|20:20
0,100,17:18|42:47|22:34|100:119|90:94|98:105|72:82|13:30|87:97|100:112|34:35
1,92,89:98|74:80|7:25|12:25|92:98|69:79|24:32
1,164,99:113|164:182|39:52|1:7|36:45|164:180|28:38|95:99
1,138,9:20|53:63|4:12|26:29|59:74|58:64|18:25|97:114|79:80|91:110|54:69|19:32|33:51|62:67|32:41|55:55|48:50|10:13|31:43|85:104
1,153,74:90|79:97|15:32|19:22|47:65|10:11|73:90|53:56|40:44|18:35|39:53|13:21|80:89|4:5|11:14|60:61|52:70|16:31|88:102|65:74
1,0,37:39|17:21|60:75|74:79|0:4|70:78|83:86|52:57|63:80|37:47|21:40|80:83|47:58|64:69|49:57|21:37|43:62|89:91|62:70
0,184,60:69|99:113|90:90|184:202|184:201|83:95|61:78|97:115|6:22|54:57|97:97
1,85,36:45|24:39|50:63|60:67|72:78|41:54|43:59|6:6|74:74|81:90|33:46|30:39|19:26|99:108|85:97|72:73|15:28|85:99|64:80|71:73
1,95,95:97|96:110|37:55|99:104|46:48|48:57|11:27|66:82|95:98|28:42|75:89|19:32
1,79,9:19|6:22|41:53|94:97|88:89|26:36|95:98|42:46|17:33
1,128,47:58|76:80|56:62|50:66|88:107|77:90|54:58|23:35|128:140|66:81|0:18|92:92|93:102|11:13|12:23|48:54|51:53|14:25|74:79|55:74
1,113,59:70|92:104|5:21|38:53|22:36|8:8|113:129
1,29,77:91|72:86|60:71|54:56|65:65|81:81|96:113|24:33|33:41|29:42|13:24|98:109|90:100|66:82|84:101|40:41|29:45
1,51,29:34|89:104|47:61|47:59|69:85|5:17|29:34|51:68|56:75|25:34|50:55|23:37|51:57|25:34|1:8|6:12|42:57
1,166,95:95|32:38|34:43|0:19|89:92|91:99|74:87|54:72|9:17|53:55|76:77|47:57|166:173|82:89|98:111|49:66|96:115|29:37
1,5,64:76|48:65|87:103|5:14|47:64|87:102|75:75|5:20|55:68|80:90
1,135,54:55|73:74|15:15|52:59|91:95|92:106|14:24|51:52|79:90
1,65,27:29|93:101|3:19|67:74|82:83|75:88|19:20|61:71|12:14|35:41|25:38
1,183,83:87|12:28|183:198|183:188|57:76|58:60|8:17|54:61|77:94|15:32|84:85|90:108|18:24
1,53,87:89|45:53|48:53|25:26|5:13|58:62|76:93|78:96|29:35|53:59|53:63
1,60,57:71|22:22|81:97|1:13|59:63|94:112|52:58|24:29|54:70|38:49|96:99|82:83
1,152,70:71|22:23|85:96|92:105|152:165|48:53
1,33,35:39|56:69|68:81|41:50|3:20|70:77|3:10|33:49|11:30|78:79|52:61|96:104|72:74|17:24|54:61|33:45
1,144,3:14|49:64|39:44|83:93|76:84|55:68|91:97
1,65,65:82|5:7|78:83|33:46|65:81|94:98|71:76|30:43|78:84|64:65|36:43|42:46|60:64
1,194,19:35|4:6|14:27|194:197|17:36|26:34|95:107|51:54|92:94|74:80|53:53|48:64|47:52|56:62|64:70|49:59|10:16
1,161,39:41|19:27|161:173|25:44|74:74|33:36|94:104|30:35|55:62|28:28|31:44|73:80|53:61
1,16,64:72|21:40|54:73|54:58|66:85|8:11|12:20|13:15|23:42|26:32
1,153,153:172|34:49|64:72|90:102|70:75|38:46|85:96|60:77|93:101|56:60|28:34|48:54|83:93|80:95|22:34|98:114|12:28
1,175,75:94|175:189|21:30|20:29|16:23|48:51|92:98|26:34|23:23|73:89|42:45|99:115|57:64|43:56|29:47|65:83|92:94|6:22|5:7
1,150,74:88|150:164|42:57|89:101|36:49|84:89|2:20|1:15|53:60|77:89
1,170,11:17|62:81|170:173|17:25|2:7|52:58|1:11|11:19|65:83|62:73
0,144,90:102|96:101|82:91|71:78|57:63|75:82|51:65|69:84|19:23|63:69|59:76|56:62|62:66|87:90|91:100|52:54
1,96,42:52|3:8|80:84|83:83|73:89|74:75|98:108|73:81|40:56|30:46
1,126,83:102|41:53|126:133|94:97|57:59|30:46|126:134|3:12
1,116,42:61|89:97|58:67|50:65|32:46|54:56|20:33|92:101|116:126|17:28|81:96|98:107|95:99|116:120|74:80|13:29|36:44|19:35
1,92,45:58|67:79|30:45|66:67|1:6|88:95|72:74|83:99|64:71|37:38|99:114|35:52|70:74|20:38|45:54|40:48
1,17,7:25|10:12|34:41|83:96|74:74|24:36|20:36|98:112|53:56|40:52|85:93|12:29|69:74|39:39|43:45|26:42|85:92|50:60
1,41,86:100|39:48|50:56|40:50|85:93|51:63|38:55
1,62,66:75|86:101|62:67|65:77|35:35|24:25|27:34|39:54|87:90|77:96|28:32|10:28|45:46|79:83
1,193,3:19|57:68|59:78|67:69|36:54|7:17|52:59|34:43|80:88|92:96|51:56|50:61|12:12|193:201|28:38|61:65|32:51|79:82
1,141,141:143|45:61|20:37|86:91|14:33|82:99|53:59|141:143|20:33|10:19
1,73,10:13|20:26|95:101|38:41|15:28|79:90|58:58|73:79|33:40|1:3|5:24|87:89|43:57|30:32|37:48
1,87,69:84|96:105|65:77|15:24|82:100|97:113|99:110|5:21|87:89
1,106,13:27|85:104|68:71|4:22|65:70|16:30|13:31|58:73|80:93|70:75|46:49|61:65|30:45|33:49|27:40
1,152,92:101|152:170|90:90|152:170|98:108|65:70|70:77
1,120,49:68|7:20|120:136|99:113|9:17|59:62|57:66
1,11,34:34|66:70|98:113|39:50|45:45|90:93|84:102|11:25
1,45,82:94|74:89|79:94|2:2|11:28|15:31|45:61|41:56|59:76|59:65|22:39|65:84
1,133,63:67|92:95|48:55|85:100|20:27|57:70|6:10|94:108|81:92|23:41|52:67|19:31|62:73|35:43
1,135,0:19|91:94|42:44|93:104|43:53
1,93,59:65|93:108|1:16|61:77|78:86|67:75|7:16|22:25|79:93|46:47|55:71|89:100|4:22|53:72|9:25|86:89|29:39|31:34
1,4,83:86|8:25|55:66|40:51|42:42|26:39|80:92|37:37|99:110|89:96|70:89|68:78|76:76|70:83|80:81|33:45|91:102
1,13,65:81|77:92|33:37|40:40|13:23|90:107|98:103|52:67|23:24
1,149,27:40|8:14|78:97|15:19|149:159|39:47|34:49|33:47|66:85|67:77|149:155|7:21|39:57|0:7|4:19|91:91|38:52|12:28|46:58|47:49
1,145,16:30|9:26|145:154|36:43|13:27|64:75|47:56|7:22|88:97|42:47|18:27
1,32,44:60|32:50|67:69|45:53|32:48|68:69|53:65
1,77,77:86|4:12|23:24|78:84|85:102|12:13|77:96
1,118,97:105|76:88|118:128|80:84|53:61|63:71|86:95|76:89|74:78|26:42|53:59|68:84|1:4|118:121|87:97
1,84,69:71|84:85|17:23|94:108|86:86|21:21|84:87
1,76,0:11|19:24|95:107|76:90|49:64|26:45|30:48|6:8|23:36
1,171,76:82|171:183|52:53|81:82|52:62|75:79|90:106|49:51|34:49|69:83|55:65|39:56|60:61|67:77|171:184|50:58|60:69|85:89|69:84|19:21|83:91|94:97
1,152,70:70|92:104|41:52|23:26|57:62|34:49|95:97|20:37|18:35|82:86|78:85|51:62|99:107
1,197,38:43|88:91|39:39|83:97|62:69|17:22|74:76|197:210|0:12|92:92|0:5
1,106,96:113|106:112|24:37|56:67|95:112|62:81|62:74|25:28|4:4|2:15|7:8|79:79|87:90|19:36|52:70|45:48|72:80|13:26
1,135,24:43|94:110|91:98|8:18|39:48|69:86|32:45|16:29|76:84|15:32|135:141|64:66|27:32|83:101|84:97|91:99|56:70|9:16
1,67,20:31|85:85|15:29|7:15|75:82|99:114|8:17|66:69|56:61|9:20|4:20|33:47
1,22,70:73|15:17|41:49|13:15|22:38|65:70|96:109|31:42|11:28|8:13|50:56|41:54|86:99|11:13|46:47|22:36|98:98|36:46|69:74
1,170,170:186|31:39|31:39|49:54|170:179|39:39|2:8|18:19|63:64|75:92
1,27,27:28|39:40|6:19|57:76|76:82|40:50|13:24|81:86|70:70|51:58
0,156,87:92|13:29|9:26|58:77|1:1|46:49|77:86|78:96|11:21|89:92|0:11|29:39|32:41|62:67
1,165,55:61|19:25|57:65|60:79|94:101|18:30|165:180|1:1|2:14|88:88|96:108|41:58|85:103|165:184|25:28|53:68
1,171,77:88|81:88|19:33|76:77|38:38|29:43|65:68|12:19|171:186|88:107|7:25|78:81|69:75
1,76,36:52|34:53|46:59|76:82|99:100|10:16|91:96|53:69|50:53|23:32|59:75|90:97|0:12|88:94
1,126,99:107|83:93|76:87|15:26|27:27|1:20|80:86|91:91|56:62|70:71
1,141,99:107|141:146|141:144|99:103|90:93|77:82|95:111|58:71
1,40,54:55|33:49|78:84|40:56|73:73|76:87|10:29|68:80|49:68|49:58|79:88|87:89|8:9|94:96|5:5|21:28|53:67|67:78
1,175,91:101|43:54|54:71|50:56|88:103|86:86|18:21|29:41|43:62|25:44|43:61|93:110|25:43|175:176|52:54|75:82
1,67,55:56|15:16|13:31|87:89|44:63|71:84|55:61|71:75|8:25|31:38|46:55|83:88|67:75|45:56|71:85|85:96|80:90|73:91|49:56
1,28,15:24|90:108|85:87|10:12|61:73|67:83|8:25|44:49|97:98|13:14|75:83|2:14|90:96|59:73
1,81,8:25|37:50|43:58|9:18|5:16|16:32|81:97|10:22|24:37|44:45|81:91|42:44
1,21,26:37|51:69|44:60|21:23|38:47|9:11|94:106|64:79
1,67,8:24|76:76|4:22|60:64|36:44|67:78|69:88|81:98|91:108|76:91|3:3|51:59|0:14|20:39|26:41|15:20|74:80|51:66|67:83
1,78,73:90|38:43|99:106|81:87|78:94|9:16|49:59|78:92|25:43|17:17|70:73|0:19|27:32|88:94|22:34
1,82,73:85|71:80|82:90|82:90|21:32|13:22|60:64|88:107
1,72,54:65|72:85|55:68|76:77|75:79|65:73|42:61|57:62|0:19|1:3|5:10|72:84|0:17|30:40|68:79|75:93|31:37|57:61|12:15
1,92,70:75|14:27|70:79|29:42|55:74|45:61|18:35|59:61|54:71|16:32|39:42|38:53|55:56|44:62|99:103|92:103|9:16|9:25|92:100|87:91|43:59|28:36
1,30,30:46|30:38|71:79|15:22|79:86|31:41|5:21|21:31|56:69|6:6|28:34|60:68
1,184,67:84|16:26|19:35|1:2|95:106|6:19|91:96|10:26|58:58|70:83|39:53|61:69|27:27|41:58|64:65|70:85|55:57
1,165,22:22|84:103|84:92|66:67|69:78|33:43|90:105|65:81|74:85|5:5|97:113|9:9|92:103|77:96|96:103|37:38|69:88|67:75|165:178|56:61|165:170
1,97,34:43|20:31|37:50|12:25|48:52|54:63|97:111|71:79|53:70|39:45|76:76|17:32|7:16|11:11|97:110|64:68|18:27|31:36|63:68
1,130,130:141|94:97|78:86|91:104|2:4|78:91|48:63|83:93|94:113|25:29|42:58|18:18|39:39|52:67|96:107
1,116,0:18|52:69|30:38|116:116|69:86|38:49|19:22|71:86
1,26,91:94|86:99|72:78|90:109|22:27|45:61|62:76|65:68|84:92
1,186,33:48|186:203|186:204|41:59|0:9|1:18|53:56|91:99|39:52|95:100|98:106|4:16|77:80
1,11,14:21|1:14|14:15|0:17|12:26|22:32|75:88|34:35
1,116,116:132|47:54|44:50|91:99|95:100|91:99|116:118|22:40|76:77|36:49|79:82|78:89|42:55|59:60|42:46|67:73|82:89|22:33|2:15|47:60
1,159,159:178|71:78|44:44|85:96|15:21|93:98|37:52|94:105|37:43
1,199,42:42|199:211|67:81|25:33|19:24|94:99|8:15|38:39|199:200|13:27|76:95|90:99
1,26,87:99|53:63|80:82|26:34|26:31|10:24|76:80|7:26
1,93,74:82|1:19|86:95|44:62|30:40|34:38
1,39,98:116|39:41|36:47|0:19|13:31|69:72|50:52|77:78|65:71|39:42
1,85,27:37|76:90|71:77|70:87|68:79|31:50|94:98|19:34|57:72
1,10,10:20|75:78|65:71|48:55|37:40|74:83|97:111|42:46|3:13|82:84|70:82|7:26|38:51
1,132,59:75|84:90|95:100|21:27|81:98|96:96|14:25
1,56,35:47|86:97|68:74|45:61|45:46|5:19
1,143,50:64|57:74|94:95|55:64|39:39|79:86|61:69|51:69|32:47|4:19|20:21|10:12|34:40|58:67|143:151|29:44
1,196,66:68|95:113|196:209|11:26|26:32|17:29|26:39|90:90|56:67|93:112|60:66|31:33|16:35
1,147,11:27|10:20|47:50|19:20|3:16|16:29|43:62|52:54|70:81|44:44|6:14|98:103
1,110,22:27|7:24|96:114|110:123|45:52|78:94|35:36|86:105|11:13|28:30|51:53|77:88|11:30|84:90|5:18|89:91|94:99|89:90|110:120|12:24|36:40
0,34,44:51|91:109|11:24|15:32|13:20|12:23|9:12|4:4|46:65|33:47|56:63|39:57|34:44|84:102|68:78|53:63|70:74|9:26|32:32|69:88|34:39
1,85,96:102|98:100|92:106|66:68|23:40|4:16|41:56|69:76|96:100|55:59|56:72|57:60|73:82|66:83|55:69|11:21|68:84
1,185,57:65|19:24|35:38|35:43|14:25|89:97|50:52|3:17|85:95|94:100|56:75|77:80|8:9|185:194|15:27|48:51
1,68,63:76|84:95|99:116|47:56|5:17|68:81
1,172,5:24|6:12|45:52|26:38|172:187|98:101|51:54|8:11|42:42|87:104|84:99|172:177|19:21|36:45
1,151,37:47|81:88|87:106|47:49|42:56|42:42|151:165|14:22|151:153|79:95|87:94|3:8|40:43|90:105|14:27|80:81|21:25|17:31|10:13|16:29|10:10|3:7
1,66,81:95|19:25|19:36|15:33|4:19|90:106|60:66|89:102|66:77|63:76|41:46|32:34|30:43|88:100|71:85|9:24|89:93|25:32|3:18
1,198,198:209|95:95|23:35|13:15|53:69|39:58|65:67
1,69,69:72|61:70|30:33|48:51|26:40|69:74|19:20|19:19|23:28
1,142,27:42|142:145|78:80|34:43|89:101|33:34|95:106|55:68|31:50|86:93|83:96|142:150|88:96|67:84|76:83|82:95
1,174,174:191|31:45|83:95|63:68|32:42|87:97|174:177|17:36|72:72
1,13,26:39|65:75|95:112|91:94|15:26|45:55|2:9|54:61|96:96|13:18|4:15|12:16|7:14|3:17|43:52|19:33|99:103|18:37|75:81
1,181,91:106|55:66|57:57|86:100|66:85|8:26|52:60|71:87|20:21|29:38|26:32|3:13|21:28|181:193|68:77|62:65|10:27|181:197|70:75|84:94|65:83
1,57,81:98|54:59|92:107|13:16|57:65|57:67|10:24|0:4|7:23|82:87|84:97|67:70|1:11|57:71|68:73|91:102|90:97|42:48|33:39
1,173,1:6|173:175|47:55|94:100|22:35|75:77|13:20|22:38
1,59,11:21|59:76|59:77|22:25|74:87|50:59|93:104|62:62|42:51|24:38|43:57|99:112|85:88|33:47|61:70|97:116|1:14|24:37
1,108,45:55|108:120|37:37|61:78|53:71|73:91|14:23|29:47|85:95
1,136,39:43|29:38|78:93|68:87|71:90|40:49|13:21|90:92|75:77|31:31|71:76|69:84|136:150|18:34|15:16
1,158,99:113|158:176|79:90|98:105|63:64|5:6|7:11|78:80|18:20
1,26,97:110|16:20|26:40|99:116|40:52|35:41|40:55|73:73|60:68|93:108|57:75|26:33|36:46|30:44|89:101|56:60|76:79|44:46|82:93
1,112,112:126|30:32|72:83|87:104|7:11|76:78|38:47|6:8|87:98|26:39|23:41|96:102|92:106|60:68|83:94|69:82|56:63|25:25|53:61|49:51
1,2,91:98|49:56|86:102|3:4|68:76
1,89,41:57|92:109|32:48|49:56|90:107|89:108
1,37,9:22|36:48|89:107|43:54|48:54|99:104|37:51|68:85|73:81|51:52|64:73|8:23|37:45
1,12,66:82|43:54|94:104|32:48|84:86|8:14|47:53|38:45|21:32|44:55|72:83|22:39|19:23|39:39|93:101
1,10,95:103|10:29|10:20|35:48|40:55|12:30|40:53|21:26|14:24|69:73|47:49|91:95|38:51|92:103|39:50|68:85|52:62|12:21|65:76
1,132,59:70|42:57|89:91|57:65|23:26|77:94|132:146|68:86|38:46|30:46|83:101|43:56|32:34|29:32|41:47|90:102|79:97|99:100|65:65
1,149,29:42|66:67|78:97|70:74|41:47|2:17|57:63|9:25|27:30|70:78|51:65|57:60|63:69|67:86|55:71
1,68,15:32|6:16|81:100|35:54|4:16|68:85|68:77
1,80,75:83|34:52|46:48|4:21|76:83|32:34|75:80|94:107|44:63|23:41|62:78|25:43|80:87|74:79|3:16|57:59|80:92|87:103|53:63|54:58|34:42|94:108
1,197,85:88|92:95|4:13|44:63|17:24|22:40|53:66|62:62|24:36|17:32|70:79
1,29,60:75|29:42|12:29|29:31|64:75|86:98|28:37|77:91|47:56|88:101
1,155,57:71|52:68|27:38|3:21|0:17|52:70|5:17|1:3|91:93|155:163|9:16|90:101|23:33|24:42|54:56|77:83|18:20|40:54|27:37|26:30|93:111
1,59,34:40|67:77|57:63|18:35|53:66|57:72|59:78|30:41|96:106|57:66|51:65|94:97|74:90|41:53|50:51|81:92|23:26|12:16|37:40|70:76|88:97
1,163,64:65|95:111|55:69|32:33|21:27|76:86|66:70|44:63|84:101|40:58|73:86|36:37|30:47|79:82|4:6|39:58|87:88
1,191,44:58|21:27|0:10|29:45|24:31|10:22|191:207|51:65|39:50|5:17|96:99|53:70|95:96|24:27|97:109|16:25
1,99,99:108|70:86|83:98|61:63|12:14|23:30|73:86|6:9|0:0|65:83|37:44|27:43
1,189,81:91|3:21|2:11|189:191|63:69|1:3|39:53|29:37|4:17
1,135,67:84|96:114|31:36|49:67|11:26|1:1|72:87|35:36|98:100|70:75|31:38|25:41|99:116|135:150|57:70|96:113|68:76|92:93|18:22|37:41
1,19,82:100|22:36|82:91|14:15|88:94|16:24|52:52|20:31|49:56|22:41|39:57|50:50|19:28
1,139,98:98|139:154|32:33|60:70|64:78|54:65|7:20|31:34|39:55|17:34|51:67|58:65|14:19|0:8|13:32|38:40|8:13|44:52|53:55
1,156,55:61|156:156|17:29|61:70|15:17|3:4|24:36|156:162|85:102|28:28|18:30|87:94|80:98|9:18
1,163,59:70|36:39|163:174|9:11|70:87|47:48|17:34
1,147,46:52|84:91|33:47|147:151|20:33|96:105|147:164
1,35,59:61|14:28|54:63|84:85|35:37|9:11|69:70|35:47|75:86
1,9,50:54|81:83|14:29|32:44|82:88|92:106|86:86|89:93|97:104|9:22|5:9|9:23|12:16|16:16|69:86|68:75|86:104|29:48|92:107
1,184,10:10|68:79|23:30|45:61|38:57|95:103|65:80|15:27|78:85|56:56|14:17
1,158,82:98|0:9|88:98|68:84|158:175|31:38|75:79|158:174|34:38|94:106|57:60|98:105|82:88|83:83|88:96|82:87|94:101
1,79,79:80|99:109|22:25|9:26|49:65|77:77|47:56
1,42,38:51|50:66|95:113|36:43|23:37|42:53|67:71|0:5|66:80|49:68|50:61
1,53,92:110|12:22|29:47|64:82|20:26|56:65|10:21
1,186,16:20|74:83|16:34|186:199|24:25|47:58|186:195
1,149,77:80|99:109|1:14|42:55|41:52|27:46|58:71|51:63|79:80|25:28|65:81|68:85|38:55|149:163|46:58|48:55
1,119,71:81|86:95|65:77|70:88|59:65|91:107|119:119|36:43|45:64|84:85|8:8|8:17|25:29|9:21|119:137|87:89|91:95|17:21
1,182,83:86|94:96|82:100|54:69|30:31|73:90|85:100|33:36|76:84|6:19|43:61|24:33|182:187|40:43|89:101
1,47,91:93|39:41|70:79|20:38|31:31|32:32|80:97|41:43|47:64|69:69|8:15|25:40|8:8|20:39|59:71
1,90,35:54|55:66|20:32|90:94|75:94|16:28|11:17|18:36|18:18|69:82|38:39|63:63|90:99|85:100
1,97,2:5|87:106|2:13|50:62|11:26|92:105|69:84|59:68|2:7|25:28|42:55|23:24
1,105,17:25|50:56|33:38|105:119|66:66|105:110|32:45|22:34
1,55,55:57|22:29|5:8|19:24|48:58|26:26|29:34|44:57|39:43|55:71|56:64|11:21|91:98|55:59|93:105|27:31|48:60|51:61|20:23
1,79,91:108|4:16|10:10|47:65|79:90|60:69|34:52|20:21
1,98,2:7|19:32|67:82|96:108|10:14
1,34,23:32|77:93|33:42|18:36|10:22|16:19|61:65|76:90|95:107|17:19|86:89|86:103
1,118,25:26|47:66|56:71|64:69|99:107|14:29|43:48|43:55|34:51|45:57|88:102|118:132|19:29|80:96|90:101|62:65|39:49|28:32|56:66|47:47|118:134
1,58,58:76|58:67|74:78|43:50|49:56|99:116|87:94
1,34,56:60|24:26|64:69|59:61|77:96|59:78|30:41|88:104|34:45|15:30|28:36|35:54|56:71|86:96|2:18|42:45
1,12,73:84|12:30|41:47|11:20|85:99|36:52|36:49|15:19|77:86|94:104|8:14|40:44|84:102|95:102|23:36
1,135,74:76|135:139|6:18|65:67|34:38|64:66|69:70|80:91
1,16,48:60|48:65|2:16|38:46|12:14|56:72|79:90|68:74|37:52|8:11|13:18|16:18|92:93|38:52|81:89|23:30|17:32|1:12|76:89
1,183,11:27|44:58|19:23|65:81|38:47|25:35|41:59|45:57|24:24|86:86|42:56
1,103,47:53|22:30|103:106|15:25|27:42|103:104|17:17|23:37|64:71|78:88|32:34|6:11|25:26|3:10|97:112|53:69|47:65|67:86|16:18|69:75|69:85
1,184,12:13|68:82|26:43|92:102|98:112|98:99|74:80
1,153,153:167|50:61|90:102|71:88|61:64|153:161|87:96
1,72,27:37|74:89|61:65|72:88|93:105|92:109
1,193,11:25|45:60|71:88|3:9|83:98|23:29|3:17|38:52
1,26,59:64|29:37|67:78|35:53|42:59|80:92
1,42,70:72|4:18|85:102|99:117|4:7|84:91|42:54|68:68|90:103|72:83|49:62|41:48|83:100|32:43|80:89|36:51|42:60|55:56|60:75
1,76,2:17|39:49|56:63|72:81|79:83|76:83|93:101|76:89|44:46|58:72|6:12|48:60|84:84|2:19|53:55|99:116|53:72|17:35|12:22
1,146,89:97|17:17|57:66|82:85|2:15|62:76|30:31|74:89|45:60|87:95|66:70|93:112
1,131,17:26|3:6|11:23|27:41|44:58|44:44|94:98|25:29|9:10|4:7|26:30|64:77|80:99|53:61|48:54|11:24|63:68|33:51|51:55
1,46,46:46|74:77|35:41|22:28|15:18|46:46|29:39|82:91|17:31|46:50|98:117|88:93|44:56
1,140,88:91|15:23|78:90|97:115|46:60
1,120,77:85|95:100|52:58|24:25|2:16|36:48|120:134|73:75|68:76|85:94|80:98|24:42|2:17|40:52|86:93|44:54|52:54
1,96,12:18|96:101|96:108|41:41|61:63|41:47|41:43|96:101|2:7|46:51|19:38|95:106|7:23|50:53|22:40|66:69|76:77|92:111
1,162,29:35|97:99|58:68|162:175|9:13|162:167|24:40|59:70
1,120,56:72|81:92|25:31|35:47|63:71|87:91|86:102|17:24|12:12|71:79|7:11|93:112|14:27|44:48|58:67|84:92|120:125|98:109|83:84|18:34
1,12,35:48|54:70|48:64|99:108|90:97|14:17|10:11|12:24|17:29|70:71|1:11
1,143,21:40|68:79|79:95|19:20|28:32|82:85|143:161|59:73|69:72|88:88|83:96|69:76|0:19|90:108|49:68|86:98|14:27|45:56
1,112,112:130|61:62|61:77|61:75|37:50|60:72|61:74
1,11,95:97|12:29|6:20|89:89|72:88|28:41|17:27|45:47|69:70|17:30|36:42|61:69|32:49|6:24|9:14
1,26,28:38|99:114|47:58|30:49|41:45|48:60|83:87|26:41|83:96|51:55|80:95|27:44|27:41|41:41|19:28|30:30|4:21|84:86|73:85|28:29
1,85,85:91|85:90|50:66|99:112|86:98|1:8|68:83
1,67,29:31|38:50|31:31|94:104|44:54|16:32|74:88|43:58|81:98|37:41|86:96|51:69|14:31|41:43|9:23|4:19|95:95|67:76|49:58
1,33,20:31|54:58|94:112|40:50|60:67|33:43|4:15|33:47|30:39
1,146,52:52|81:91|65:72|83:93|86:101|98:116|11:14|3:11|18:23|75:86|86:89|90:93|74:81|25:44|146:162|14:28
1,43,73:90|90:92|90:102|35:54|18:37|82:94|43:60|29:35|91:94|43:48|92:96|82:83|37:53|53:61|48:64|2:17|99:102|95:113|42:60|71:74|49:64
1,122,79:98|68:71|20:29|73:84|84:90|4:19|16:17|0:18|20:24|3:21|38:56|91:100|60:65|35:51|75:86|56:60|26:42|39:55|34:38
1,144,52:54|25:25|89:104|92:109|7:9|73:75|7:9|70:73|85:93|32:32|31:39|39:47
1,40,20:31|16:27|40:58|92:101|15:16|82:86|35:49
1,57,95:101|13:14|59:69|1:3|57:62|13:23|27:33|0:0|35:49|44:51|32:46|57:64
1,50,92:100|81:85|19:25|32:36|19:22|5:6|50:62|92:100|53:55|11:14|26:43
1,48,6:12|30:34|19:23|92:106|43:44|33:38|92:92|22:34|30:46
1,12,96:107|15:27|62:69|1:2|51:55|40:59|1:12|56:67|46:62|75:92|12:25
1,179,41:46|60:64|179:189|24:24|62:62|4:22|20:39|95:103|39:54|14:30|66:66|179:187|66:69|25:33|17:33|52:58|1:14
1,104,63:80|28:29|61:71|51:60|23:31
1,60,51:51|24:39|52:61|91:106|81:100|73:83|70:88|38:51|23:25|61:80|69:83|60:71|48:59|60:72|16:21|49:49|43:51|19:31
1,99,7:22|30:39|62:62|94:108|0:6|99:101|94:105|5:9|60:69|32:48|52:56|4:9|6:16|80:82|98:108|20:32|56:56
1,98,28:37|1:9|43:50|74:74|30:42|74:74|63:69|21:24|23:40|98:100|3:13|99:116
1,45,45:54|45:50|33:42|51:62|72:88|9:23|75:77|45:62|13:16|85:90|75:89|97:102|17:34|74:75|30:30
1,159,66:67|59:65|34:38|31:44|52:55|98:116|11:21|98:105|45:53|58:73|3:3|91:96|37:43|77:94|69:79|24:42|89:90|90:99|24:28|83:91|159:171
1,173,78:83|83:92|57:60|11:21|44:47|173:185|17:29|45:53|89:102|77:96|72:79|60:72|38:39|62:81|21:31|85:93|96:109|96:102|3:12|3:22
1,174,18:24|19:27|45:55|19:19|38:48|24:38
1,189,72:82|37:37|63:78|18:35|9:17|1:16|44:45|46:50|64:66|16:35|83:89
1,32,88:90|5:22|73:74|15:15|32:50|59:65|32:49
1,20,30:48|20:35|6:20|74:88|57:61|40:58|79:85|3:18|92:104|89:89|30:43|76:80|4:14|20:27|52:56|36:41|45:62|63:63|85:100
1,124,74:88|29:41|1:7|43:60|49:56|13:17|124:139|14:26|124:131
1,173,37:39|60:74|4:4|41:42|21:28|9:9|74:79|68:76|173:176|47:57|55:69|173:185|80:95|77:96|71:82|91:98|90:106|92:110
1,180,93:97|92:93|51:64|94:113|98:109|56:64|57:69|91:109|30:43|18:30|98:114|94:113|7:17|92:105|29:33|26:26|180:187
1,31,89:99|71:74|18:30|31:46|49:62|13:16|31:50|52:67|63:65
1,142,87:87|97:109|75:81|46:47|142:149|75:78|46:47|88:88|30:47|142:146|57:75|54:66|7:14|28:30|36:40
1,187,48:60|57:74|98:100|71:73|9:13|80:95|17:34|94:94|45:58|76:77|52:57|52:59|68:85|1:12|86:93
1,34,81:93|17:22|89:93|34:46|85:102|12:21|9:24|16:20
1,170,32:41|65:65|48:64|46:60|53:69|45:53|51:68|6:21|94:111|170:175|170:170|64:72
1,176,176:177|47:66|8:25|27:43|31:34|82:98|72:80|176:187|37:39|55:66|3:6|57:67|24:24|81:85|49:52|98:110|35:36|4:8|70:83|51:69|34:40
1,35,8:8|33:46|73:87|28:42|92:103|60:78|64:83|35:42|31:40|8:10|50:65|57:64|45:56|65:78|45:64|12:13
1,128,128:128|26:42|80:82|97:97|84:88|53:59|82:92|23:23|98:106|97:102|58:68|61:73|38:57|77:92|19:37|82:89|91:95
1,82,2:3|82:92|40:53|10:13|87:89|82:96|95:110
1,69,69:88|87:102|78:89|84:99|69:73|66:78|72:86|56:57|50:66|12:31|63:82|19:21|61:80|14:22|11:18
1,16,72:86|40:49|28:32|19:36|63:67|76:84|8:8
1,109,86:96|109:115|1:2|37:40|109:109|60:73|3:22|73:81|59:62|69:84|50:68|22:36|29:38
1,70,51:59|40:51|43:51|70:81|72:87|74:90|87:102|70:74|28:41|10:16|1:13|21:30|30:35|25:34
1,91,73:81|99:102|44:52|20:27|15:31|11:23|2:15|81:96|51:68|14:27|35:49|40:40|68:76|36:45|29:40|21:21|41:48|35:51|70:87|71:75|91:109
1,146,36:46|4:15|74:74|47:63|31:37|0:14|87:97|81:93|43:46|80:95|95:105|31:31|60:61|29:42|59:65|5:22|57:71|37:53
1,80,84:88|80:98|10:16|42:45|32:40|69:78|80:80|49:56|95:97|46:57|43:43|94:113|57:75|55:68|25:41|16:23|12:22|36:50|33:37|17:23
1,41,11:12|86:102|27:38|87:89|79:93|96:112|34:39
1,48,44:59|5:19|41:42|17:31|14:32|48:55|70:74|51:67
1,155,30:30|3:19|87:95|23:42|12:15|3:11|32:51|44:57|71:83|57:67|43:55|50:64|15:21|56:69|34:34|92:96|78:94|77:95
1,7,44:47|0:5|86:91|34:50|23:42|71:76|12:14|97:104|41:52|83:84|28:41|88:95|69:71|46:52|27:30|21:29|7:21|59:66|93:95|32:39
1,135,82:98|29:40|44:55|135:153|79:80|94:104|135:153|70:89|11:28
1,97,55:68|18:28|30:31|37:52|41:59|75:86|73:74|22:33|0:2|63:66|40:51|99:100|88:92|85:86|92:98|87:95|38:49|47:56|23:32|97:113
1,54,50:59|27:27|72:87|86:104|91:104|6:9|63:80|3:16|18:24|36:48|94:112|28:44|36:53|3:7|39:52|1:1|72:87
1,44,68:75|44:49|47:66|35:36|18:21|6:12|51:70|44:58|14:17|84:99|10:20|80:93|67:70|27:46|25:38|13:22
1,125,125:130|19:26|125:134|47:64|40:51|70:88|16:34|66:77|93:110|20:32|61:68|52:52|82:82|69:82
1,180,31:32|16:24|49:60|32:40|93:104|27:27|14:21|91:98|28:33|180:199|92:92|7:14|43:60|87:102|77:94|28:34|22:38|63:74|180:189|81:81
1,79,70:88|79:81|51:62|54:70|58:71|32:47|97:111|77:77|57:61|88:94
1,124,124:137|12:31|14:31|31:35|46:62|58:76|60:67|124:140
1,183,50:53|45:51|28:43|24:29|15:22|59:60|92:107|183:195|47:50|90:97|29:29|8:14|90:96|55:72|69:79|7:23|44:50|97:99|11:27
1,197,17:33|84:90|30:47|30:39|84:88|41:57|9:11|90:93|81:81|80:80|24:34|25:42|72:78|0:18|50:53|37:43|197:209|35:53
1,186,93:110|65:70|68:72|186:187|94:113|64:75|74:83|186:187|48:51|23:34|9:22
1,156,10:26|45:51|88:94|55:69|156:174|89:91|58:70|10:27|16:26|72:88|62:75|80:81|5:10
1,12,45:49|39:50|26:40|88:92|12:29|30:46|1:5|2:14|90:91|98:100|87:90|51:61|0:14|70:89
1,195,43:47|195:212|30:32|28:43|195:200|9:21|45:52|47:60
1,18,30:37|3:16|81:84|41:58|29:45|18:20|40:46|90:92
1,101,101:101|41:49|99:116|80:82|3:20|8:14|55:71|46:63|54:56|76:86|38:49|0:1|23:40|72:72|96:105|3:20|67:75|51:70|98:115
1,188,7:24|35:40|49:58|18:21|52:58|60:77|11:12|11:26|2:20|20:23|6:17|0:11|17:25|188:190|17:29|188:195|13:21|63:66
1,161,77:86|4:23|68:85|67:82|70:76|54:71|16:29|33:45|58:77|81:87|57:64|68:80|25:41|9:23|27:31|32:47|161:178
1,141,53:54|47:60|38:42|69:83|141:147|40:46|1:9|55:57|94:111|39:39|95:110|28:38|60:77|22:39
1,126,24:34|40:49|58:73|79:90|46:59|85:98|99:100|40:40|23:38|30:32|63:67|21:35|73:76
0,0,7:20|82:83|41:53|93:106|7:19|83:99|0:10|1:12|32:39|0:2|77:86|44:44|7:12|55:71|19:30|59:77|63:68|91:95|78:91|69:84
1,114,114:130|73:87|114:124|31:40|2:13|92:97|18:34|28:36|21:37|49:50|79:92|10:17|24:33|96:113|51:52|11:27|89:100
1,192,43:48|44:48|2:18|40:57|83:93|192:199|88:93|27:46
1,77,71:71|55:73|47:64|60:63|64:71|32:33|16:28|73:88|80:91|82:88|47:53|61:71|41:51|59:60|38:42|56:69|17:17|72:88|57:67
1,160,64:66|160:171|91:108|7:19|74:80|3:22|98:112
1,7,56:66|7:17|97:99|39:57|25:32|93:94|83:95|16:25|48:56|51:62|72:74
1,157,59:67|43:51|52:69|157:171|2:6|157:173|57:73
1,66,66:70|25:40|67:76|31:42|59:63|57:74|27:40|30:49|66:80|87:94|56:75|34:34
1,186,92:102|31:50|26:41|86:88|44:53|86:87|55:73|39:45|23:35|89:99|79:94|92:105|46:48|0:9|77:96|69:84|82:83|32:47|85:101|17:27
1,113,113:124|2:20|57:62|89:95|67:74|21:37|43:58|39:47|12:31|96:97|70:76|7:9
1,96,14:32|51:62|3:8|59:62|96:98|57:65|81:93
1,53,52:55|72:87|56:70|9:18|29:39|32:46|53:62|68:86
1,115,99:102|3:3|49:54|89:91|83:86|76:78|23:39|63:77|88:92|4:13|60:68|46:52|99:108|49:64
1,55,13:31|63:78|82:90|19:25|23:32|77:85|64:81|44:55|81:87|17:34|82:89|24:41|54:69|98:109|50:51|88:95
1,149,69:82|29:33|149:153|61:73|21:27|90:105|87:94|35:50|57:73
1,74,99:110|74:81|82:92|86:89|20:28|74:74|44:47|3:9|64:81|12:30|62:75|29:40|84:99|4:12|9:15|1:12|83:93|97:115|74:83|67:81|89:96
1,108,18:37|32:35|11:14|69:74|4:5|35:47|47:66|74:92|67:68|21:39|0:7|1:2|7:26|7:15|4:12|0:13|41:49|108:114
1,162,11:12|54:62|162:167|24:28|59:63|4:21|39:47|19:33|21:31|162:164|63:73
1,104,27:41|19:31|35:54|10:19|77:77|60:73|93:98
1,19,44:56|39:44|40:57|62:68|12:14|19:33|37:46|19:28
1,17,64:66|12:17|21:22|13:15|17:19|4:13|26:45|94:111|35:54|14:18
1,193,193:197|18:36|1:2|13:17|46:52|98:99|76:78|17:35|38:43|98:98|40:54|193:195|6:7|79:88|85:91|15:21|1:11
1,190,33:46|19:20|36:38|22:30|190:204|87:102|42:50|35:41|29:38|11:14|89:93|90:108|5:17|190:193|82:98
1,117,7:18|96:109|89:100|46:51|5:11|10:19|64:80|99:106|81:82|24:36|66:81|94:94|85:87|117:123
1,126,65:73|32:36|55:57|126:136|39:46|77:81|16:25
1,16,35:51|89:94|78:83|16:26|55:69|28:47|37:48|3:3|7:26|13:13|57:68|79:84|29:31|33:45|99:116|16:21|57:60|99:113|70:84|30:38|93:102|45:47
1,28,19:38|65:79|55:64|3:19|84:87|61:70|89:92|0:8|94:101|95:109|3:19|17:24|41:59|1:7|42:52|88:103|41:55|4:6|25:42
1,111,63:65|111:122|43:53|30:40|67:78|5:14|52:70|74:79|26:32
1,157,2:3|3:15|81:96|9:21|3:4|70:71|37:39|75:77|3:12
1,28,52:56|32:46|7:19|77:88|42:48|29:37|56:62|93:94|26:36|43:45|43:53
1,89,22:37|78:97|0:11|59:63|60:63|13:32|0:9|4:15|93:110|12:13|70:81|50:66|17:19|49:54|99:100|22:40|10:29|26:27|27:39|18:20|89:105
1,158,56:71|80:94|75:90|51:62|56:61|20:37|58:72|66:72|52:71|158:175|23:27|98:115|82:92|36:48|92:106|98:99|13:26
1,30,37:42|59:78|47:60|30:30|77:81|53:56|73:91|57:65|1:18|74:75|21:25|81:99|27:41|63:71|7:7|76:88
1,194,15:15|9:23|67:78|194:196|6:22|34:52|194:213|53:65|18:35
1,182,35:46|51:51|55:68|23:33|54:70|17:27|61:65|89:105|182:183|68:74|36:47|182:185
1,155,5:19|0:12|85:89|54:59|34:42|77:84|27:44|77:90|63:63|84:94|14:21|38:38|93:94|69:86|75:80|96:106
1,121,17:23|0:9|21:39|121:123|74:91|43:62|50:58|17:34|42:53|33:36|56:61|83:88|51:61|121:123|88:96
1,51,79:86|40:58|45:63|55:70|1:9|96:104
1,35,19:37|93:105|85:91|11:29|83:96|35:52|90:104|40:53|43:60|35:36|97:108|92:99|33:46|10:25|81:100
1,91,87:97|35:41|43:60|90:104|40:54|50:55|72:75|87:93|47:53|32:32|74:74|72:77|55:59
1,78,78:90|24:32|10:16|45:59|71:85|74:77|43:51|9:27
1,186,2:3|20:33|99:109|4:7|29:46|39:56|49:55|47:55|54:63|89:90|35:44|97:103|26:35|31:32|91:96|52:69|94:98|52:62
1,165,41:47|59:67|88:90|25:25|37:53|34:46|165:174
1,55,82:92|81:91|32:32|55:66|37:45|15:33
1,194,71:77|54:71|84:91|89:98|30:30|4:9|55:57|45:53|25:32|78:85|47:57
1,101,56:65|12:13|90:93|24:38|82:86|25:25|36:51|36:38|93:95|18:29|91:102|62:67|2:18|58:66|50:59
1,44,27:44|93:104|44:52|27:29|51:58|44:47|53:56|38:49|47:52|77:91
1,18,41:56|32:44|94:104|96:105|89:101|79:88|20:34|18:23|92:92|74:88|28:30|78:82|71:73|5:18|82:89|85:103|49:57|93:98|48:50|14:30|67:84
1,90,95:103|64:82|44:50|91:100|90:90|97:101|12:23|82:91|93:93|66:77|0:3|74:83|72:87|13:18|90:102|19:38|28:41|10:29|67:69
1,171,44:55|84:99|64:76|48:51|36:50|92:104|98:99|90:105|77:81|34:40|80:87|28:36|171:176|11:23|68:78|54:64|39:56|85:88
1,160,31:45|61:70|27:39|67:70|71:79|160:178|160:173|80:87
1,35,43:57|35:51|82:93|30:44|56:73|35:37|21:28|89:92|66:73
1,129,82:88|42:60|92:101|33:41|88:98|24:29|92:101|55:66|74:85|56:62|1:4|20:20|22:37
1,100,79:81|3:22|49:59|10:29|32:34|49:62|89:98|10:14|19:35|48:56|8:21|100:101|100:119|15:25|50:51|33:47|98:102|40:53
1,150,30:33|18:31|65:72|13:13|5:5|27:42|90:91|99:107|26:36|68:82|150:161|33:52|92:102|78:92|72:79|77:84|55:69
1,139,93:112|139:153|25:38|92:107|53:55|64:74|36:51|58:61|64:77|68:82|78:88|93:103|30:38|36:38|50:65|10:19|4:5|49:60|61:63|89:108
1,167,16:21|78:93|54:59|167:178|38:54|14:26|46:53|46:58|84:88|77:96|61:67|51:65|91:110|3:21|53:58|77:96|61:73|59:74|72:75
1,23,68:70|59:68|31:46|49:58|12:30|23:37|23:36|49:60|19:21|28:43|24:41|28:47|65:72
1,151,49:62|20:23|48:58|65:68|12:24|39:55|11:24|16:21|151:160|151:154|14:25|19:20|27:32|57:73|47:66
1,52,75:78|40:42|7:13|42:56|48:66|44:58|52:63|6:10|73:88|52:55|9:24|83:86|91:106|69:88|46:63
1,81,59:62|21:30|97:110|9:21|68:83|92:96|40:45|42:53|33:47|96:96|49:63|16:29|43:62|66:68|24:31|5:20|0:12|76:77
1,193,76:92|12:12|49:56|34:35|34:34|80:89|18:20|6:13|193:206|75:92|193:197|83:98|38:57|67:84|37:42|59:67|64:81|51:59
1,87,45:58|9:12|28:31|87:96|87:88|75:84|20:34|61:78|65:65|7:14|56:71|79:91|5:7|50:69|10:25|31:41|16:19
1,26,35:47|14:32|68:75|54:59|7:13|9:11|58:63|14:24
1,20,20:27|40:41|25:26|43:47|67:75|64:77|20:25|71:78|7:17|72:91|80:93|2:3|46:54|48:60|70:76
1,128,17:20|1:7|85:97|67:84|23:33|14:25|23:37|28:28|4:18|11:26|21:39|15:25|128:147|128:129|65:68|4:17|43:58
1,171,16:16|8:16|77:93|91:106|43:50|59:65|171:189|171:187|10:10|78:95|56:66|2:10
1,107,55:70|50:62|47:49|94:97|70:76|72:88|28:30|66:85|70:71|107:121|51:67|28:43|49:59|107:115|83:100|38:52|32:35|10:21
1,82,25:26|82:91|36:55|25:39|27:40|48:66
1,131,99:101|47:52|90:103|0:19|34:37|131:142|15:25|52:63|33:47|53:70|17:36|8:20|36:51|91:103|91:92|64:71|46:60|13:17|77:79|2:15|43:45
1,129,78:94|47:57|61:67|39:44|83:86|60:73|34:41|67:70|81:89|129:133|22:26|1:15|98:110|129:140|27:40|73:90|6:13|78:95
1,90,93:98|63:65|77:80|73:84|65:72|86:95|50:51|7:25|37:44|43:49|44:56
1,119,6:13|47:47|61:73|8:24|80:97|72:82|19:20|24:34|75:83|33:34|83:96|64:80|42:50|78:92|77:96|2:11|75:94|77:88
1,43,98:102|73:90|75:82|77:90|43:60|72:91|43:45|10:11|11:19|37:45|50:64|9:17|83:95|63:76|47:58|57:73|80:96|65:80|64:69|95:113|55:61
1,136,95:104|17:30|54:65|81:82|136:154|22:29|136:149|3:14
1,184,97:105|69:88|97:107|29:47|84:98|77:85|22:22|94:94|86:105|33:37|184:198|3:16|90:91|34:42|30:34|63:69|20:37|74:86|54:60|1:11|48:61
1,125,13:28|51:70|70:87|74:92|81:87|4:15|8:17
1,61,70:86|95:100|4:8|35:53|13:21|71:76|78:94|95:107|97:115|42:58|67:70|61:78
1,132,47:57|79:88|11:17|64:74|94:111|4:11|69:86|22:38|82:88|19:21|14:30|53:61|20:27|2:5
1,151,90:97|90:99|6:24|66:81|88:105|93:101|4:9|64:79|34:46|66:81|36:50|151:153
1,95,50:52|13:13|56:65|45:55|1:11|49:64|95:114|95:99|89:106|82:97|55:67|44:52|95:110|81:97|39:55
1,24,85:102|32:40|56:74|13:14|68:79|18:20|90:101|88:88|96:114|24:28|9:18|1:20|9:26|9:26|17:33|26:27|73:88|94:112|15:34
1,153,94:105|63:71|92:106|59:72|23:35|8:21|74:87|35:42
1,199,32:42|34:46|46:51|52:55|33:37|199:204|69:76|94:110|65:71
1,136,42:46|136:147|23:36|43:48|7:8|61:73|18:32|61:71|68:84
1,164,164:173|96:98|31:31|39:53|99:107|57:58|39:45|79:96|36:37|84:102|37:38|46:48|41:48|18:36|16:33|49:63|25:44|58:58|164:176
1,10,78:97|85:98|25:27|10:16|14:31|94:96|1:9|18:30|10:21|65:76|71:84|58:75|38:48|81:100|40:40|9:11
1,188,46:53|34:42|44:48|40:52|62:81|17:22|40:52|78:96|4:19|19:36|55:73|26:26|79:91|82:85|94:111|84:97|49:49|86:97|55:59|188:194
1,145,96:101|87:92|51:51|38:49|25:37|43:51|3:13|145:161|86:98
1,100,93:104|42:43|57:62|31:41|17:23
1,151,88:88|151:152|1:6|45:53|75:93|151:168|10:23
1,42,74:77|42:45|46:48|24:38|63:68|40:46|20:35|31:43|39:57|2:8|36:39|36:44|67:79|42:45|9:18|4:19
1,119,119:120|46:51|14:28|28:29|1:4|98:107|4:9|74:77|16:29|12:16|25:41|45:52|2:7
1,155,6:16|32:47|15:22|54:68|155:171|26:44|155:162|54:69|39:39|27:42|53:65|96:112|17:28|26:30|48:50|62:78
1,165,49:56|62:75|55:64|3:17|65:80|35:54|34:37|74:82|10:18|68:71|68:83|47:53|66:76|165:175|2:9|41:48|57:70|165:168
1,18,51:66|70:73|10:28|31:42|86:91|15:27|79:90|21:26|18:28|18:27|69:85
1,118,45:47|7:17|17:21|81:91|65:76|34:47|94:95|13:15|80:95|56:56|78:83|4:16|118:133|67:72|10:29|69:71|16:34|60:73|22:29|118:136
1,22,97:98|59:76|76:89|22:28|71:71|75:90|22:38|39:39|35:52|11:28|93:111|34:40
1,64,75:89|88:89|40:53|63:66|98:99|19:24|68:78|54:62|52:57|69:87|39:55|98:110|94:96|36:51|16:31|43:52|83:102|77:90
1,173,27:38|57:59|61:80|29:40|173:181|56:62|55:59|69:82|30:35
1,103,19:24|9:23|90:93|44:57|103:109|97:111|26:38|72:82|36:55
1,137,98:113|14:23|137:147|43:53|80:93|24:27|9:28|137:144|6:9|81:90|81:93|67:76|29:31|21:36|88:90
1,50,45:63|84:103|17:26|70:81|29:33|10:24|85:103|90:93
1,110,85:99|7:19|94:113|80:87|110:129|79:96|110:112
1,162,33:37|83:93|13:24|34:34|48:55|38:45|19:26|1:17|62:76|33:33|54:66|16:17|69:85|15:15|162:163
1,187,71:84|187:190|78:90|32:51|187:204|51:68|39:58|72:79|31:34|20:28|21:40|11:22|33:48|98:115|50:64|3:17
1,56,96:107|36:45|46:46|82:97|43:56|27:43|56:69|61:73|34:52|98:109|79:93|56:59|84:91|15:25|0:16|61:78|26:31|24:40|80:94
1,91,25:44|6:12|94:111|12:21|21:31|90:95|18:19|91:102|68:83|2:4|71:79|54:54|75:80|9:17|11:20|40:53
1,72,12:14|72:74|31:36|29:29|72:88|4:7|77:94|4:11
1,77,83:98|73:80|34:50|92:93|14:24|62:66|54:63|47:54|70:87|71:72|77:86|20:38
1,45,42:57|45:50|34:36|63:66|97:103|71:73|87:100|29:35|18:35|79:96|50:59|45:50
1,110,16:25|26:37|74:90|62:71|94:102|69:87|76:83|71:71|110:128|110:119|28:47|89:104|75:84|93:98|9:23|16:32|37:48|99:109
1,172,2:7|172:184|34:41|86:99|35:43|42:55|47:47|172:186|88:101|88:92|5:16|7:25
1,47,47:55|47:47|99:101|56:66|62:67|57:61|50:62|80:89|39:55|72:89|50:62|29:44
1,113,113:124|73:86|99:114|82:96|113:115|13:17|15:18|39:52|64:78|79:96|98:112|26:37|72:88|7:21|22:23|99:107|89:105|1:8|58:77|5:9|69:72
1,59,33:36|42:54|60:74|23:29|70:79|67:67|82:93|14:16|58:69|28:41|28:42|45:59|98:108|38:55|54:55|41:58|24:32|45:57|92:107|59:71|19:27
1,67,84:101|72:75|67:84|84:88|47:50|57:71|21:33|81:81|3:10|78:93|15:22|64:80|76:80|2:15|84:89|12:16|8:24|67:76|43:54|39:40|56:74|39:41
1,8,8:9|36:39|83:86|77:88|51:54|8:20|44:46|68:76|92:94|51:52|30:41|8:21
1,97,88:97|1:2|38:44|80:89|76:87|97:116|78:84
0,11,11:19|78:80|29:29|96:103|70:86|29:40|49:49|32:46
1,155,73:86|94:100|86:91|43:45|56:68|31:34|155:157|86:91|33:38|58:58|17:22|55:71|85:86|43:55|90:90|65:78
1,143,5:15|32:39|5:5|143:156|60:71|51:56|15:20|45:61|98:106|64:70|38:47
1,193,32:44|18:37|23:42|32:42|193:199|12:13|12:24|193:196|83:101|95:114|29:31|74:89
1,7,68:83|6:16|5:23|72:72|86:89|77:84|72:72|50:56|22:38|25:43|93:106|1:12|61:65|54:68|43:62|11:13
1,155,88:91|62:72|56:60|0:14|98:113|55:61|16:30|2:10|155:169
1,85,64:73|58:69|3:10|53:67|79:85|0:8|56:68|85:88|23:39|34:47
1,183,2:17|62:62|54:70|5:8|67:80|57:68|93:98|90:90|76:85|89:92|46:55|183:202|92:98|75:87|15:26|50:63|17:25|81:100|94:98|183:184
1,6,15:19|80:87|6:18|53:71|67:84|22:40|6:20|97:110
1,90,2:7|81:90|8:19|66:82|90:102|46:60|90:93
1,77,44:53|75:85|62:71|4:7|92:97|58:58|55:74
1,184,90:99|35:52|6:13|49:57|13:30|77:91|184:199|95:113|29:32
1,83,8:27|21:22|24:27|53:56|51:56|2:3|43:43|55:64|37:40|2:17|37:37|83:99|23:25|77:90|62:75|25:27|56:73|79:96|12:19
1,147,86:100|37:41|74:84|55:59|147:148|26:35|91:94|16:22|73:76|147:161|89:102|28:42|20:32|9:11|15:15|99:110
1,111,58:76|69:88|50:62|16:18|111:114|50:59|63:72|0:6|90:94|78:89|50:59|64:74|17:22|42:60|49:50|47:52
1,50,92:96|73:79|64:66|18:25|50:59|57:63|73:91
1,142,16:30|52:59|32:39|32:40|63:68|70:77|60:69|142:161|9:11|14:27|4:21|98:109|76:79|43:59|78:90|25:43|29:38|0:5
1,3,60:68|3:7|3:22|53:53|29:46|29:46|52:59
1,166,166:185|11:27|62:62|4:10|56:68|9:15|61:79|10:14|5:17|16:29|0:8|166:171
1,29,47:57|21:24|25:27|54:67|70:70|29:45|90:102|29:33|92:93|98:101
1,158,95:95|35:36|0:18|78:95|87:93|78:85|15:18|59:72|39:55|158:173|158:169|51:53|4:5|59:64|56:71
1,66,50:56|49:55|19:29|0:9|6:11|68:77|39:45|60:60|45:64|56:63
1,100,95:103|69:85|3:7|87:94|6:12|9:27|69:79|46:46|28:46|88:92|36:49|55:62|26:30|8:25|42:56|83:99|36:46|96:105
1,157,19:23|79:93|11:28|18:30|0:4|66:73|11:25|0:18|44:49|78:80|11:23|157:158|81:92|62:64
1,5,23:40|7:10|9:23|68:73|43:46|38:40|78:95|60:77|74:75|4:14|41:58|6:18|48:53|52:71|34:43|37:38|63:66|17:35|79:81|98:101
0,168,54:56|96:106|38:49|35:43|28:30|98:104|168:181|67:79|168:174|16:18|49:55|83:102
1,57,53:56|38:38|19:37|22:29|68:74|57:70|45:47|57:72|23:26|91:93|41:44|14:20|22:26|28:36|29:43|67:68|92:100|62:73|69:88
1,18,45:60|42:47|18:27|16:25|99:106|77:83|99:113|98:100|56:60|95:110|75:91|81:83
1,20,32:51|55:59|28:40|70:75|54:57|95:104|80:91|14:23|35:36|26:39|87:103|20:29|99:113|61:73|44:56|12:15|41:60
1,71,93:99|64:79|16:35|94:108|40:54|36:47|25:40|56:71|8:25|28:35|99:101|87:105|64:68|71:88|59:70|32:43|1:17|42:55|83:97|71:73
1,159,53:62|38:44|26:40|66:72|63:71|49:52|49:62|84:94|159:163|17:20|95:113|70:72|85:93|13:23|159:163|25:30|67:68
1,89,35:53|89:98|86:94|72:79|14:18|50:56
1,151,39:56|85:95|27:28|6:7|1:15|99:111|62:64|29:37|19:33|68:77|151:157|39:39|14:18
1,76,95:99|44:55|77:77|76:82|72:75|96:111|12:16|57:69|73:79|2:11|24:43|78:87|80:91|42:52|20:21|99:115|70:75
1,156,13:25|45:52|18:32|74:93|60:66|35:41|51:51|49:51|30:46|86:97|73:89|22:38|4:8
1,6,81:94|63:63|6:13|30:40|33:38|89:107|16:18|27:44|40:42|97:107|92:106|57:68|40:58
1,45,40:59|6:22|54:68|67:83|67:83|35:40|71:84|89:94|49:54|64:73|23:40|85:88|88:100|7:19|19:20|4:4|62:79|19:22
1,9,50:67|98:113|64:81|93:104|70:74|56:60|11:23|2:16|85:92|81:91|84:92|96:99|64:71|40:46|44:50|9:11|37:41|35:50
1,49,35:51|61:76|4:19|90:102|82:97|44:45|27:32|71:87
1,27,84:94|91:103|69:70|27:37|86:96|49:53|45:63|77:89|6:17|61:64|58:63|26:44|76:83|72:74|27:36
1,48,56:74|5:8|34:53|60:62|97:102|70:78|97:115|59:63|66:66|24:42|78:85|48:59|64:66|92:98|6:9|35:51|48:61|49:54|39:53|96:109|85:94|66:77
1,37,51:68|52:58|15:32|20:33|67:70|41:49|17:28|26:37|52:55|94:103|75:83|38:38|18:32|28:46|85:89|33:42|29:30|5:23|0:17|24:26
1,15,31:39|41:46|18:28|35:52|55:72|15:34|78:88|72:84|88:90
1,46,52:55|78:95|72:90|37:50|46:65|46:64|79:97|62:79|22:39
1,191,67:82|38:39|191:195|44:49|8:16|59:75|13:26|18:30|25:34|191:200
1,102,46:57|102:114|65:76|76:78|35:41|58:60|9:24|64:79|31:31|36:55
1,7,79:81|73:75|88:102|24:26|2:6|8:20|5:19|95:100|51:52|67:77|19:37
1,87,20:38|35:52|43:56|7:20|84:96|72:91|16:16|26:42|53:64|45:58
0,73,21:22|73:81|44:57|62:74|73:78|88:100|49:59|88:88
1,113,71:74|41:45|14:21|20:30|3:4|61:61|113:131|113:128|64:64|53:68|63:66|98:100|21:40|22:36|56:67|59:68
1,116,32:40|51:53|43:45|88:100|84:101|41:47|82:100|20:35|35:45|65:79
1,8,51:53|60:62|8:16|54:70|90:107|29:29|22:41|17:29|91:98
1,195,67:78|9:24|70:88|79:96|16:25|49:66|67:82|65:75
1,16,46:63|73:85|61:62|35:45|89:107|14:17|91:95|60:60|62:80|72:75|31:49|30:49|57:72|33:46|21:39|64:66|16:23|37:52|70:74
1,194,88:97|50:63|73:90|95:113|60:67|51:57|194:196|94:103|83:102|46:59|45:48|194:207|48:64|97:103|93:108|49:59|40:40|99:116|84:103|20:29
1,186,68:71|186:202|76:85|57:75|61:76|24:34|8:10|58:76|90:92|52:55|0:1|4:4|53:61|28:35|41:45|57:63|75:82|9:15|3:18|85:93
1,37,51:69|65:75|14:31|21:29|97:104|10:13|7:22|50:52|51:62
1,90,22:41|45:46|90:92|77:81|31:46|25:30
1,109,49:68|49:49|37:38|54:62|65:69|86:104|109:120|47:47|61:70|26:26|5:13|94:104|69:77|42:45|58:65|99:114|93:96|92:105
1,18,35:37|76:85|95:108|34:49|68:87|76:78|18:19|18:25
1,134,134:145|77:80|13:30|21:34|24:30|20:26|75:84|42:53|33:47|18:18|16:20|61:77|10:29
1,102,88:98|61:67|1:9|37:43|94:106|44:47
1,58,51:55|35:37|91:98|44:51|73:91|23:23|76:80|12:31|40:43|16:21|82:86|58:67|28:44
1,27,8:12|51:51|27:36|65:75|27:41|89:99|57:67|59:75|23:29|71:88|0:18|5:14|61:76|42:44|9:14|76:82|81:81
1,69,76:85|87:95|85:95|28:41|6:6|39:58|25:28
1,169,169:178|84:85|55:60|95:99|23:29|64:82
1,49,49:55|73:80|0:14|0:6|40:53|90:98|56:60|6:13|93:98|27:30|80:94|65:70|93:102
1,59,60:70|36:55|81:93|94:102|79:94|90:107|37:42|37:38|95:98|50:66|78:92|59:76|25:38|73:82|62:62|20:21|82:82|64:69|69:76
1,86,43:59|70:70|13:28|28:32|26:36|30:47|9:13|58:59|49:52|68:71|11:19|38:51|80:89|0:6|50:69|14:19|71:85|86:94|47:63|24:41
1,200,71:74|80:95|69:75|25:28|26:29|64:68|51:64|2:14|87:96|28:30|0:13|35:44|42:55|56:61|21:27|82:94|35:38|74:85|86:104
1,53,64:76|46:57|49:67|36:37|93:94|62:63|4:21|61:66|22:32|39:47|31:38|99:110|20:35|7:8|21:38|11:12|60:61
1,31,43:48|34:46|70:85|7:9|42:57|73:89|31:47|30:44|31:49|29:41|62:78|7:22|63:81|10:14|41:47|98:115|72:86|83:89|67:81|30:37|25:34|58:71
1,1,40:50|15:28|45:47|99:105|16:25|74:85|59:76|25:26|57:68|1:5|52:69|10:21|26:31|35:39|31:33|74:75
1,170,31:39|86:96|29:45|42:55|40:42|10:14|6:18|32:43|5:14|44:63|62:63|62:73|0:4|170:180|96:104|85:87|5:17|41:47|94:110|39:46
1,10,27:36|79:82|95:104|92:104|30:42|46:49|96:102|68:72|91:108|84:99
1,110,91:106|8:12|4:10|33:40|9:14|110:128|70:74|15:27|15:27|4:17|110:124
1,167,37:55|99:112|34:38|88:88|72:77|24:28|62:63|167:173|96:114|80:81|5:8|42:54|80:94|23:42|72:90|87:104
1,93,22:37|2:19|50:58|13:26|8:25|76:89|50:61|89:93|31:44|31:32|68:81|53:66|25:39
1,115,85:91|73:92|97:97|68:85|79:94|71:83|21:28|7:7|64:73|99:103|3:6|86:99|65:80|80:99|51:58|98:102|23:27|115:125|115:118|56:64|44:58
1,22,22:41|17:26|19:26|22:33|39:58|12:31|84:85|29:43|9:20|82:90|67:84|17:28|24:42|98:107|89:93
1,19,36:41|16:19|2:2|65:82|46:56|95:112|5:23|18:22|99:109|33:36
1,190,4:7|67:84|22:31|10:17|14:22|44:54|68:85|68:86|190:199
1,99,69:85|59:60|77:85|78:84|63:76|92:104|99:109|45:46|27:31|80:83|21:32|17:24|99:108|82:86|6:11|44:53|6:7
1,152,152:168|2:5|99:103|49:57|57:68|42:46|6:25|81:92|152:163|53:65|70:71|20:38|32:39|62:67|65:81|30:42
1,174,32:43|78:79|79:84|85:96|14:27|85:87|70:88|76:85|86:105|174:190
1,4,86:97|90:100|80:93|61:62|70:70|54:61|4:9|60:77|5:24|32:32|55:74
1,149,27:29|15:20|0:17|14:14|2:17|58:58
1,147,23:31|42:59|55:56|8:17|81:91|88:98|78:83|44:61|78:92|74:85|30:39|23:28|10:13|31:45|58:76|25:44|147:156|147:161
1,19,19:22|54:56|13:32|98:113|90:103|95:95
1,99,87:103|79:83|9:28|9:18|40:59|18:26|34:49|64:82|22:40|44:52|25:41|29:39|86:88|72:83
1,180,56:57|93:111|8:11|85:102|75:89|180:196|38:48
1,103,65:81|14:20|23:28|90:90|7:14|1:8|84:102|97:105|26:39|45:61|38:42|20:35|9:27|26:43|82:91|77:78|75:94|70:70|8:14|21:34
1,101,40:52|92:100|73:90|27:33|56:59|84:102|97:112|88:106|40:53|53:66|28:43|0:9|88:106|39:40|73:83|101:102|66:83
1,4,21:33|74:79|36:53|25:28|10:10|97:107|86:93|94:96|35:43|96:102|56:63|10:27|83:93|80:87
1,197,41:45|63:82|55:67|197:211|56:59|70:82|73:81|44:63|54:70|89:106|1:9|197:208|23:29|77:93
1,178,78:78|94:97|17:17|88:91|34:53|5:5|43:47|178:195|13:23
1,103,56:74|43:55|84:90|47:60|5:22|36:51|45:57|97:104|50:57|10:28|73:85|3:9|75:91|45:49|59:73|71:74|16:17|103:116|18:33
1,196,1:5|15:18|89:102|196:212|46:63|41:57|30:41|4:18|50:55
1,175,20:37|28:28|175:178|98:112|41:46|52:57|48:50|85:96|57:71|27:37|93:97|60:72
1,5,5:8|22:30|95:98|51:70|39:43|17:30|69:78|14:29|95:99|77:87|66:72|46:52|59:67|5:16|59:61|83:97|70:79|77:86|34:48
1,24,77:87|91:102|41:46|56:71|71:89|22:33|90:92|50:51|68:68|31:42|41:47|80:97|68:79|80:98|61:71|87:105|19:34
1,70,83:95|14:32|70:80|99:112|98:115|73:78|32:41|77:95|1:16|87:104|64:64|49:64|88:93|90:103|70:72|62:65|6:10
1,108,0:18|36:46|80:80|98:117|42:48|45:56|49:57|9:16|0:14|31:32
1,99,2:21|1:18|29:43|21:32|26:26|0:12|35:54|74:85|69:77|13:24|56:66
1,157,65:69|157:167|7:17|24:34|157:160|82:85|57:70
1,98,17:32|56:60|98:108|98:102|12:21|3:16|29:46|60:62
1,149,149:165|91:99|37:39|37:42|68:80|80:97|28:34|149:158|18:21
1,104,43:45|86:91|35:42|104:121|51:61|90:99|73:87
1,98,98:113|24:24|99:109|21:37|10:18|11:29|32:45|45:53|98:99|51:61|68:73|68:70|10:12|24:41
1,153,62:73|22:33|62:67|98:114|55:57|37:44|16:27|8:27|16:30|41:59|9:22|5:18|38:53|39:39|68:86|15:22|68:74|58:67|5:12|94:102
1,58,5:24|59:67|97:103|23:33|74:92|73:90|58:58|94:105|10:23|91:93|95:105|67:77|30:45|58:58|2:14|9:12
1,53,17:29|26:42|59:70|84:95|98:109|74:92|25:42|28:46
1,117,69:76|2:7|69:83|94:101|36:40|85:96|42:55|42:45|58:59|1:14|87:92|1:7|1:13|18:26|7:21|60:71|72:80|11:25|117:129|90:91
1,26,27:38|36:53|66:68|51:56|90:101|22:23|38:38|40:47|82:86|26:34|32:33|41:52|74:79|80:85|21:25|96:101|71:80|84:84|67:70|85:96|49:58
1,134,25:38|65:79|96:102|86:97|17:18|72:73
1,135,94:110|17:32|22:26|0:6|44:47|98:99|50:59|7:18
1,167,77:94|167:179|73:74|93:109|55:57|44:54|0:9|1:3|71:80|73:89|84:102|61:80
1,176,74:86|68:87|46:60|31:31|31:45|74:76|22:39|176:181|33:37|48:66
1,183,88:99|35:44|32:48|96:97|15:17|7:7|55:71|45:63|93:93|55:61
1,106,79:80|61:70|1:14|81:94|77:88|27:34|26:40|57:69|106:123|106:120
1,99,71:77|62:66|90:109|58:71|3:21|89:89|53:66|51:68|2:15|64:78|38:51|58:61|67:81|0:4|69:77
1,3,77:79|42:51|8:18|93:107|24:41
1,197,27:37|58:61|99:101|27:41|66:72|37:41|33:33|0:2|27:30|20:22|80:93|23:37
1,19,10:12|92:100|77:78|35:45|68:87|94:105|4:20|88:88|56:62|32:45|58:63|65:74|65:73|75:81|18:24|71:78
1,0,25:44|0:17|58:66|91:109|43:44|7:25|9:23|84:92|33:41|0:2|45:61|32:40|33:39|64:72|15:29
1,163,72:74|55:64|5:22|74:86|74:90|78:91|163:165|44:45|163:172|34:36
1,140,89:96|22:27|13:14|86:99|140:153|140:144|22:33|84:101|29:44|55:68|70:84|75:88|62:78|92:106|7:26|32:51|74:92|19:25|52:59|61:65|17:23
1,143,78:91|63:71|96:109|44:50|2:17|51:64|85:99|24:40|17:20|3:21|62:72|52:67|143:145|77:96|6:10|6:24
1,46,92:108|7:15|84:90|96:101|29:40|12:13|56:69|31:37|52:58|46:65|29:43|94:101
1,58,37:51|0:16|76:82|67:78|2:4|38:55|62:76|20:26|26:28|17:21|58:64|42:44
1,174,174:185|69:74|53:65|75:75|87:97|174:190|52:59
1,192,15:19|27:37|82:100|20:31|11:12|75:80|192:204|41:57|2:6|81:94|39:49|192:210
1,164,9:22|53:60|95:110|164:174|164:180|16:17|74:81|22:24|64:68|40:53|31:50|7:22|86:89|6:23|56:67|19:37|79:84|98:101|51:65|22:36
1,175,77:89|62:65|95:97|98:104|83:89|20:20|175:194|83:90|175:179|98:107|88:97
1,194,37:55|14:33|52:55|38:38|86:89|37:55|6:17|70:72|194:210|22:34|65:72|86:104|46:59|10:20|194:213|69:78|25:38
1,59,59:65|84:95|60:71|46:56|87:90|64:71|54:69|34:40|38:47|47:58|59:75
1,177,27:28|13:14|177:191|83:88|56:62|48:65|177:177|31:47|15:25|55:73
1,6,20:29|7:22|49:51|26:32|6:11|82:101|10:23|47:50|2:21|65:81|37:45|32:44|1:7
1,177,7:26|83:84|11:30|10:29|12:14|62:75|77:95|18:20|90:107|38:45|74:81|98:106|33:49|1:10|68:83|8:13|47:61|22:30
1,72,80:83|11:20|74:81|59:77|14:26|72:84|26:31|65:65|43:61|87:89
1,156,156:172|156:161|25:33|84:87|57:76|59:68|50:61|94:107|35:47|70:79|89:106|23:29|88:94|22:30
1,64,9:27|48:51|10:19|45:45|1:15|73:87|54:63|5:21|71:83|62:65|91:98|94:113|97:115|35:38
1,87,77:89|52:60|42:45|92:106|60:71|87:99
1,78,14:33|88:99|94:113|78:97|78:87|78:86|27:32|27:30|82:90
1,132,8:25|132:140|55:58|24:25|97:103|80:91|53:60|45:53|45:48|66:71|40:48|14:16|132:144|15:26|34:41
1,63,17:19|74:86|79:92|54:67|6:24|63:79|7:26|57:62|70:87|98:108|57:75|63:67|26:38|62:78
1,147,147:147|19:29|54:70|89:104|57:72|55:69|31:34|55:70|74:85|42:61|30:48|1:4|41:43|93:104
1,60,80:92|56:64|60:79|60:65|3:8|27:27|8:27
1,81,78:90|36:38|28:47|79:81|81:82|63:76|53:63|58:70|62:74|64:76|94:104|81:81|9:18|25:32|18:30|97:105|83:86|72:72|41:52
1,92,76:77|92:105|58:63|92:104|18:24|64:82|45:59|16:16|27:27|23:27|6:8|65:82|30:35|36:39|24:39|18:31|89:101|86:101
1,186,63:69|92:100|28:42|73:79|39:51|57:68|40:42|66:78|58:70|186:196|52:71|4:21|78:92|28:38|8:12
1,23,16:27|51:62|77:88|43:54|50:63|90:109|21:31|62:63|44:61|26:33|99:101|3:4|9:17|70:85|59:67|36:43|12:14|59:61|8:12
1,107,70:88|62:65|95:110|92:102|97:116|37:44|48:66|31:43|88:107
1,47,47:50|5:12|33:49|92:105|22:40|12:17|64:80|24:31|55:74|44:59|71:85|47:48|2:3|75:92|39:47|97:114|52:59|85:88|47:58|27:45|94:113
